feature,importance
Press2_Pressure,0.19583714983207165
Press2_Temp,0.12473191573730137
CZ_Roughness,0.0947285506112972
CZ_Concentration,0.07659430718598774
Cure_Temp,0.05759327237103604
Anneal_Temp,0.0568142992632118
Cure_Time,0.05043368864696416
Press1_Time,0.04524568071339433
Press3_Pressure,0.04399758392621354
Press1_Temp,0.04395436304396636
Press2_Time,0.04393098258177665
Anneal_Time,0.042890774226382974
Press3_Time,0.04179215296847438
Press3_Temp,0.04168289268993692
Press1_Pressure,0.0397723862019849
