LOT_ID,Model,Machine,Parameter,Value,LSL,USL,Violation
LOT000286,MODEL_A,PRESS_03,CZ_Concentration,10.504,9.5,10.5,Above UCL
LOT003784,MODEL_B,PRESS_03,CZ_Concentration,10.52,9.5,10.5,Above UCL
LOT000286,MODEL_A,PRESS_03,CZ_Roughness,382.36,320.0,380.0,Above UCL
LOT003784,MODEL_B,PRESS_03,CZ_Roughness,385.25,320.0,380.0,Above UCL
LOT005950,MODEL_B,PRESS_02,CZ_Roughness,318.48,320.0,380.0,Below LCL
LOT002001,MODEL_B,PRESS_03,Press1_Pressure,6.025,4.0,6.0,Above UCL
LOT006782,MODEL_A,PRESS_01,Press1_Pressure,6.084,4.0,6.0,Above UCL
LOT000183,MODEL_C,PRESS_02,Press2_Temp,96.722,97.0,103.0,Below LCL
LOT001318,MODEL_B,PRESS_02,Press2_Temp,96.476,97.0,103.0,Below LCL
LOT001333,MODEL_B,PRESS_02,Press2_Temp,96.947,97.0,103.0,Below LCL
LOT001415,MODEL_B,PRESS_02,Press2_Temp,96.145,97.0,103.0,Below LCL
LOT002717,MODEL_B,PRESS_02,Press2_Temp,96.971,97.0,103.0,Below LCL
LOT002735,MODEL_B,PRESS_02,Press2_Temp,96.163,97.0,103.0,Below LCL
LOT002860,MODEL_B,PRESS_02,Press2_Temp,104.156,97.0,103.0,Above UCL
LOT002892,MODEL_A,PRESS_02,Press2_Temp,96.817,97.0,103.0,Below LCL
LOT002962,MODEL_A,PRESS_02,Press2_Temp,96.68,97.0,103.0,Below LCL
LOT003273,MODEL_B,PRESS_02,Press2_Temp,96.998,97.0,103.0,Below LCL
LOT003345,MODEL_C,PRESS_02,Press2_Temp,96.588,97.0,103.0,Below LCL
LOT003609,MODEL_B,PRESS_02,Press2_Temp,96.876,97.0,103.0,Below LCL
LOT004169,MODEL_C,PRESS_02,Press2_Temp,96.955,97.0,103.0,Below LCL
LOT004464,MODEL_B,PRESS_02,Press2_Temp,96.475,97.0,103.0,Below LCL
LOT004585,MODEL_C,PRESS_02,Press2_Temp,96.943,97.0,103.0,Below LCL
LOT005263,MODEL_B,PRESS_02,Press2_Temp,96.774,97.0,103.0,Below LCL
LOT006314,MODEL_C,PRESS_01,Press2_Temp,103.072,97.0,103.0,Above UCL
LOT007946,MODEL_B,PRESS_02,Press2_Temp,96.491,97.0,103.0,Below LCL
LOT000445,MODEL_C,PRESS_02,Press2_Pressure,8.826,9.0,11.0,Below LCL
LOT000537,MODEL_B,PRESS_02,Press2_Pressure,8.826,9.0,11.0,Below LCL
LOT000768,MODEL_B,PRESS_02,Press2_Pressure,11.038,9.0,11.0,Above UCL
LOT000934,MODEL_A,PRESS_02,Press2_Pressure,8.917,9.0,11.0,Below LCL
LOT001102,MODEL_A,PRESS_02,Press2_Pressure,8.957,9.0,11.0,Below LCL
LOT001111,MODEL_A,PRESS_02,Press2_Pressure,8.939,9.0,11.0,Below LCL
LOT001147,MODEL_C,PRESS_02,Press2_Pressure,8.996,9.0,11.0,Below LCL
LOT001208,MODEL_B,PRESS_03,Press2_Pressure,11.049,9.0,11.0,Above UCL
LOT001397,MODEL_A,PRESS_02,Press2_Pressure,8.887,9.0,11.0,Below LCL
LOT001438,MODEL_B,PRESS_02,Press2_Pressure,8.977,9.0,11.0,Below LCL
LOT001723,MODEL_A,PRESS_02,Press2_Pressure,8.978,9.0,11.0,Below LCL
LOT001765,MODEL_C,PRESS_02,Press2_Pressure,8.748,9.0,11.0,Below LCL
LOT001833,MODEL_B,PRESS_02,Press2_Pressure,8.767,9.0,11.0,Below LCL
LOT001937,MODEL_B,PRESS_02,Press2_Pressure,8.856,9.0,11.0,Below LCL
LOT002060,MODEL_A,PRESS_02,Press2_Pressure,8.965,9.0,11.0,Below LCL
LOT002145,MODEL_A,PRESS_02,Press2_Pressure,8.842,9.0,11.0,Below LCL
LOT002225,MODEL_C,PRESS_02,Press2_Pressure,8.936,9.0,11.0,Below LCL
LOT002391,MODEL_A,PRESS_02,Press2_Pressure,8.944,9.0,11.0,Below LCL
LOT002476,MODEL_A,PRESS_02,Press2_Pressure,8.76,9.0,11.0,Below LCL
LOT002730,MODEL_C,PRESS_02,Press2_Pressure,8.953,9.0,11.0,Below LCL
LOT002821,MODEL_C,PRESS_02,Press2_Pressure,8.791,9.0,11.0,Below LCL
LOT003009,MODEL_B,PRESS_02,Press2_Pressure,8.991,9.0,11.0,Below LCL
LOT003021,MODEL_B,PRESS_02,Press2_Pressure,8.903,9.0,11.0,Below LCL
LOT003423,MODEL_C,PRESS_02,Press2_Pressure,8.796,9.0,11.0,Below LCL
LOT003493,MODEL_A,PRESS_02,Press2_Pressure,8.704,9.0,11.0,Below LCL
LOT003817,MODEL_B,PRESS_02,Press2_Pressure,8.966,9.0,11.0,Below LCL
LOT004130,MODEL_A,PRESS_02,Press2_Pressure,8.914,9.0,11.0,Below LCL
LOT004297,MODEL_C,PRESS_02,Press2_Pressure,8.96,9.0,11.0,Below LCL
LOT004480,MODEL_B,PRESS_02,Press2_Pressure,8.861,9.0,11.0,Below LCL
LOT004490,MODEL_A,PRESS_02,Press2_Pressure,8.893,9.0,11.0,Below LCL
LOT004561,MODEL_B,PRESS_02,Press2_Pressure,8.939,9.0,11.0,Below LCL
LOT004756,MODEL_C,PRESS_02,Press2_Pressure,8.979,9.0,11.0,Below LCL
LOT004786,MODEL_A,PRESS_02,Press2_Pressure,8.977,9.0,11.0,Below LCL
LOT004906,MODEL_B,PRESS_02,Press2_Pressure,8.784,9.0,11.0,Below LCL
LOT005480,MODEL_A,PRESS_02,Press2_Pressure,8.995,9.0,11.0,Below LCL
LOT005490,MODEL_A,PRESS_02,Press2_Pressure,8.909,9.0,11.0,Below LCL
LOT005654,MODEL_A,PRESS_02,Press2_Pressure,8.842,9.0,11.0,Below LCL
LOT005671,MODEL_C,PRESS_02,Press2_Pressure,8.94,9.0,11.0,Below LCL
LOT005770,MODEL_C,PRESS_02,Press2_Pressure,8.801,9.0,11.0,Below LCL
LOT006082,MODEL_B,PRESS_02,Press2_Pressure,8.636,9.0,11.0,Below LCL
LOT006166,MODEL_C,PRESS_02,Press2_Pressure,8.926,9.0,11.0,Below LCL
LOT006216,MODEL_B,PRESS_02,Press2_Pressure,8.909,9.0,11.0,Below LCL
LOT006399,MODEL_C,PRESS_02,Press2_Pressure,8.851,9.0,11.0,Below LCL
LOT006714,MODEL_C,PRESS_02,Press2_Pressure,8.917,9.0,11.0,Below LCL
LOT006980,MODEL_A,PRESS_02,Press2_Pressure,8.887,9.0,11.0,Below LCL
LOT007060,MODEL_A,PRESS_02,Press2_Pressure,8.989,9.0,11.0,Below LCL
LOT007235,MODEL_B,PRESS_02,Press2_Pressure,8.935,9.0,11.0,Below LCL
LOT007481,MODEL_B,PRESS_02,Press2_Pressure,8.755,9.0,11.0,Below LCL
LOT007840,MODEL_B,PRESS_02,Press2_Pressure,11.058,9.0,11.0,Above UCL
LOT007878,MODEL_A,PRESS_02,Press2_Pressure,8.907,9.0,11.0,Below LCL
LOT007554,MODEL_A,PRESS_03,Press3_Temp,103.029,97.0,103.0,Above UCL
LOT003123,MODEL_A,PRESS_02,Cure_Temp,155.648,145.0,155.0,Above UCL
LOT003401,MODEL_B,PRESS_03,Cure_Temp,144.494,145.0,155.0,Below LCL
LOT004193,MODEL_B,PRESS_03,Cure_Temp,144.024,145.0,155.0,Below LCL
LOT004846,MODEL_C,PRESS_03,Cure_Temp,144.822,145.0,155.0,Below LCL
LOT005332,MODEL_C,PRESS_03,Cure_Temp,144.328,145.0,155.0,Below LCL
LOT005431,MODEL_B,PRESS_03,Cure_Temp,144.516,145.0,155.0,Below LCL
LOT005871,MODEL_A,PRESS_03,Cure_Temp,144.8,145.0,155.0,Below LCL
LOT005909,MODEL_B,PRESS_03,Cure_Temp,144.267,145.0,155.0,Below LCL
LOT006055,MODEL_A,PRESS_03,Cure_Temp,144.903,145.0,155.0,Below LCL
LOT006237,MODEL_C,PRESS_03,Cure_Temp,144.698,145.0,155.0,Below LCL
LOT006346,MODEL_C,PRESS_03,Cure_Temp,144.026,145.0,155.0,Below LCL
LOT006585,MODEL_A,PRESS_03,Cure_Temp,144.53,145.0,155.0,Below LCL
LOT006781,MODEL_C,PRESS_03,Cure_Temp,144.168,145.0,155.0,Below LCL
LOT006836,MODEL_C,PRESS_03,Cure_Temp,144.015,145.0,155.0,Below LCL
LOT006896,MODEL_B,PRESS_03,Cure_Temp,144.822,145.0,155.0,Below LCL
LOT006902,MODEL_A,PRESS_03,Cure_Temp,144.985,145.0,155.0,Below LCL
LOT006956,MODEL_A,PRESS_03,Cure_Temp,144.722,145.0,155.0,Below LCL
LOT006994,MODEL_A,PRESS_03,Cure_Temp,144.493,145.0,155.0,Below LCL
LOT007028,MODEL_C,PRESS_03,Cure_Temp,144.968,145.0,155.0,Below LCL
LOT007063,MODEL_C,PRESS_03,Cure_Temp,144.501,145.0,155.0,Below LCL
LOT007083,MODEL_B,PRESS_03,Cure_Temp,144.898,145.0,155.0,Below LCL
LOT007172,MODEL_B,PRESS_03,Cure_Temp,144.956,145.0,155.0,Below LCL
LOT007240,MODEL_C,PRESS_03,Cure_Temp,144.609,145.0,155.0,Below LCL
LOT007256,MODEL_C,PRESS_03,Cure_Temp,144.603,145.0,155.0,Below LCL
LOT007278,MODEL_B,PRESS_03,Cure_Temp,144.933,145.0,155.0,Below LCL
LOT007300,MODEL_C,PRESS_03,Cure_Temp,144.987,145.0,155.0,Below LCL
LOT007391,MODEL_A,PRESS_03,Cure_Temp,144.558,145.0,155.0,Below LCL
LOT007402,MODEL_A,PRESS_03,Cure_Temp,143.352,145.0,155.0,Below LCL
LOT007428,MODEL_A,PRESS_03,Cure_Temp,143.773,145.0,155.0,Below LCL
LOT007508,MODEL_C,PRESS_03,Cure_Temp,144.899,145.0,155.0,Below LCL
LOT007544,MODEL_A,PRESS_03,Cure_Temp,144.891,145.0,155.0,Below LCL
LOT007596,MODEL_C,PRESS_03,Cure_Temp,144.212,145.0,155.0,Below LCL
LOT007690,MODEL_A,PRESS_03,Cure_Temp,144.367,145.0,155.0,Below LCL
LOT007705,MODEL_A,PRESS_03,Cure_Temp,144.302,145.0,155.0,Below LCL
LOT007707,MODEL_C,PRESS_03,Cure_Temp,144.993,145.0,155.0,Below LCL
LOT007730,MODEL_C,PRESS_03,Cure_Temp,144.339,145.0,155.0,Below LCL
LOT007806,MODEL_C,PRESS_03,Cure_Temp,144.716,145.0,155.0,Below LCL
LOT007843,MODEL_C,PRESS_03,Cure_Temp,143.757,145.0,155.0,Below LCL
LOT007860,MODEL_C,PRESS_03,Cure_Temp,144.806,145.0,155.0,Below LCL
LOT007985,MODEL_A,PRESS_03,Cure_Temp,144.517,145.0,155.0,Below LCL
LOT007995,MODEL_B,PRESS_03,Cure_Temp,144.986,145.0,155.0,Below LCL
LOT007997,MODEL_A,PRESS_03,Cure_Temp,142.424,145.0,155.0,Below LCL
LOT006346,MODEL_C,PRESS_03,Peel_Strength,396.95,400.0,,Below LCL
LOT000017,MODEL_B,PRESS_02,Yield,22.57,95.0,,Below LCL
LOT000025,MODEL_A,PRESS_03,Yield,94.31,95.0,,Below LCL
LOT000026,MODEL_C,PRESS_02,Yield,90.59,95.0,,Below LCL
LOT000029,MODEL_B,PRESS_02,Yield,84.76,95.0,,Below LCL
LOT000030,MODEL_B,PRESS_02,Yield,94.16,95.0,,Below LCL
LOT000031,MODEL_A,PRESS_02,Yield,93.76,95.0,,Below LCL
LOT000036,MODEL_B,PRESS_01,Yield,89.68,95.0,,Below LCL
LOT000042,MODEL_A,PRESS_03,Yield,94.65,95.0,,Below LCL
LOT000050,MODEL_C,PRESS_03,Yield,94.6,95.0,,Below LCL
LOT000054,MODEL_B,PRESS_02,Yield,94.08,95.0,,Below LCL
LOT000056,MODEL_B,PRESS_01,Yield,94.02,95.0,,Below LCL
LOT000082,MODEL_B,PRESS_02,Yield,94.63,95.0,,Below LCL
LOT000084,MODEL_C,PRESS_03,Yield,93.99,95.0,,Below LCL
LOT000094,MODEL_A,PRESS_02,Yield,72.46,95.0,,Below LCL
LOT000104,MODEL_C,PRESS_01,Yield,94.01,95.0,,Below LCL
LOT000108,MODEL_B,PRESS_02,Yield,94.29,95.0,,Below LCL
LOT000112,MODEL_C,PRESS_03,Yield,94.05,95.0,,Below LCL
LOT000122,MODEL_C,PRESS_03,Yield,94.63,95.0,,Below LCL
LOT000123,MODEL_C,PRESS_02,Yield,94.13,95.0,,Below LCL
LOT000139,MODEL_C,PRESS_02,Yield,90.44,95.0,,Below LCL
LOT000140,MODEL_A,PRESS_02,Yield,93.63,95.0,,Below LCL
LOT000155,MODEL_B,PRESS_02,Yield,94.37,95.0,,Below LCL
LOT000164,MODEL_A,PRESS_02,Yield,94.37,95.0,,Below LCL
LOT000166,MODEL_C,PRESS_03,Yield,89.34,95.0,,Below LCL
LOT000171,MODEL_C,PRESS_01,Yield,93.88,95.0,,Below LCL
LOT000185,MODEL_B,PRESS_02,Yield,94.47,95.0,,Below LCL
LOT000188,MODEL_A,PRESS_02,Yield,94.05,95.0,,Below LCL
LOT000199,MODEL_B,PRESS_02,Yield,94.25,95.0,,Below LCL
LOT000200,MODEL_C,PRESS_03,Yield,94.05,95.0,,Below LCL
LOT000208,MODEL_A,PRESS_03,Yield,94.63,95.0,,Below LCL
LOT000214,MODEL_C,PRESS_02,Yield,85.11,95.0,,Below LCL
LOT000240,MODEL_B,PRESS_02,Yield,94.09,95.0,,Below LCL
LOT000242,MODEL_C,PRESS_02,Yield,85.16,95.0,,Below LCL
LOT000248,MODEL_B,PRESS_02,Yield,94.24,95.0,,Below LCL
LOT000254,MODEL_B,PRESS_01,Yield,93.69,95.0,,Below LCL
LOT000256,MODEL_B,PRESS_01,Yield,94.93,95.0,,Below LCL
LOT000266,MODEL_B,PRESS_02,Yield,94.02,95.0,,Below LCL
LOT000276,MODEL_C,PRESS_02,Yield,89.57,95.0,,Below LCL
LOT000277,MODEL_C,PRESS_02,Yield,62.34,95.0,,Below LCL
LOT000298,MODEL_B,PRESS_02,Yield,94.34,95.0,,Below LCL
LOT000301,MODEL_C,PRESS_02,Yield,93.23,95.0,,Below LCL
LOT000302,MODEL_A,PRESS_03,Yield,93.93,95.0,,Below LCL
LOT000303,MODEL_B,PRESS_01,Yield,93.33,95.0,,Below LCL
LOT000310,MODEL_B,PRESS_01,Yield,94.48,95.0,,Below LCL
LOT000332,MODEL_A,PRESS_02,Yield,94.44,95.0,,Below LCL
LOT000362,MODEL_C,PRESS_03,Yield,94.24,95.0,,Below LCL
LOT000370,MODEL_C,PRESS_03,Yield,93.84,95.0,,Below LCL
LOT000371,MODEL_C,PRESS_02,Yield,94.67,95.0,,Below LCL
LOT000379,MODEL_C,PRESS_02,Yield,94.08,95.0,,Below LCL
LOT000383,MODEL_B,PRESS_03,Yield,94.04,95.0,,Below LCL
LOT000388,MODEL_C,PRESS_03,Yield,94.42,95.0,,Below LCL
LOT000409,MODEL_A,PRESS_03,Yield,94.06,95.0,,Below LCL
LOT000431,MODEL_A,PRESS_01,Yield,93.69,95.0,,Below LCL
LOT000440,MODEL_C,PRESS_02,Yield,94.83,95.0,,Below LCL
LOT000445,MODEL_C,PRESS_02,Yield,13.87,95.0,,Below LCL
LOT000487,MODEL_B,PRESS_02,Yield,93.69,95.0,,Below LCL
LOT000499,MODEL_B,PRESS_03,Yield,93.81,95.0,,Below LCL
LOT000503,MODEL_A,PRESS_03,Yield,93.64,95.0,,Below LCL
LOT000519,MODEL_C,PRESS_02,Yield,94.04,95.0,,Below LCL
LOT000527,MODEL_B,PRESS_03,Yield,94.2,95.0,,Below LCL
LOT000531,MODEL_C,PRESS_02,Yield,89.07,95.0,,Below LCL
LOT000537,MODEL_B,PRESS_02,Yield,94.87,95.0,,Below LCL
LOT000547,MODEL_C,PRESS_02,Yield,94.3,95.0,,Below LCL
LOT000548,MODEL_C,PRESS_02,Yield,93.91,95.0,,Below LCL
LOT000556,MODEL_C,PRESS_02,Yield,93.8,95.0,,Below LCL
LOT000561,MODEL_C,PRESS_02,Yield,93.74,95.0,,Below LCL
LOT000587,MODEL_C,PRESS_03,Yield,93.7,95.0,,Below LCL
LOT000594,MODEL_B,PRESS_03,Yield,94.04,95.0,,Below LCL
LOT000597,MODEL_C,PRESS_02,Yield,93.65,95.0,,Below LCL
LOT000599,MODEL_A,PRESS_02,Yield,94.12,95.0,,Below LCL
LOT000601,MODEL_C,PRESS_02,Yield,93.74,95.0,,Below LCL
LOT000602,MODEL_B,PRESS_03,Yield,94.43,95.0,,Below LCL
LOT000605,MODEL_A,PRESS_03,Yield,94.57,95.0,,Below LCL
LOT000634,MODEL_C,PRESS_02,Yield,93.8,95.0,,Below LCL
LOT000656,MODEL_C,PRESS_02,Yield,94.83,95.0,,Below LCL
LOT000670,MODEL_C,PRESS_01,Yield,89.5,95.0,,Below LCL
LOT000677,MODEL_C,PRESS_02,Yield,85.66,95.0,,Below LCL
LOT000698,MODEL_B,PRESS_02,Yield,17.87,95.0,,Below LCL
LOT000700,MODEL_C,PRESS_01,Yield,93.64,95.0,,Below LCL
LOT000706,MODEL_B,PRESS_02,Yield,94.85,95.0,,Below LCL
LOT000710,MODEL_C,PRESS_02,Yield,80.56,95.0,,Below LCL
LOT000716,MODEL_A,PRESS_03,Yield,94.22,95.0,,Below LCL
LOT000720,MODEL_C,PRESS_02,Yield,94.19,95.0,,Below LCL
LOT000729,MODEL_C,PRESS_02,Yield,93.65,95.0,,Below LCL
LOT000730,MODEL_C,PRESS_02,Yield,94.39,95.0,,Below LCL
LOT000738,MODEL_A,PRESS_02,Yield,93.99,95.0,,Below LCL
LOT000746,MODEL_B,PRESS_02,Yield,94.51,95.0,,Below LCL
LOT000748,MODEL_A,PRESS_01,Yield,93.98,95.0,,Below LCL
LOT000767,MODEL_A,PRESS_02,Yield,84.7,95.0,,Below LCL
LOT000770,MODEL_C,PRESS_02,Yield,93.95,95.0,,Below LCL
LOT000784,MODEL_C,PRESS_01,Yield,89.5,95.0,,Below LCL
LOT000800,MODEL_C,PRESS_02,Yield,94.15,95.0,,Below LCL
LOT000819,MODEL_C,PRESS_02,Yield,94.32,95.0,,Below LCL
LOT000833,MODEL_C,PRESS_02,Yield,71.35,95.0,,Below LCL
LOT000836,MODEL_A,PRESS_03,Yield,93.37,95.0,,Below LCL
LOT000838,MODEL_A,PRESS_01,Yield,93.7,95.0,,Below LCL
LOT000840,MODEL_B,PRESS_03,Yield,93.8,95.0,,Below LCL
LOT000842,MODEL_A,PRESS_02,Yield,89.77,95.0,,Below LCL
LOT000850,MODEL_B,PRESS_02,Yield,94.48,95.0,,Below LCL
LOT000860,MODEL_A,PRESS_03,Yield,94.37,95.0,,Below LCL
LOT000861,MODEL_C,PRESS_03,Yield,93.83,95.0,,Below LCL
LOT000870,MODEL_B,PRESS_01,Yield,93.88,95.0,,Below LCL
LOT000903,MODEL_B,PRESS_01,Yield,94.01,95.0,,Below LCL
LOT000905,MODEL_B,PRESS_02,Yield,93.65,95.0,,Below LCL
LOT000913,MODEL_C,PRESS_02,Yield,94.51,95.0,,Below LCL
LOT000917,MODEL_A,PRESS_02,Yield,89.88,95.0,,Below LCL
LOT000934,MODEL_A,PRESS_02,Yield,81.1,95.0,,Below LCL
LOT000939,MODEL_C,PRESS_02,Yield,94.03,95.0,,Below LCL
LOT000944,MODEL_A,PRESS_02,Yield,93.86,95.0,,Below LCL
LOT000956,MODEL_A,PRESS_02,Yield,94.38,95.0,,Below LCL
LOT000974,MODEL_C,PRESS_02,Yield,94.83,95.0,,Below LCL
LOT000978,MODEL_A,PRESS_02,Yield,89.05,95.0,,Below LCL
LOT000983,MODEL_C,PRESS_02,Yield,94.23,95.0,,Below LCL
LOT000986,MODEL_C,PRESS_02,Yield,94.19,95.0,,Below LCL
LOT001002,MODEL_A,PRESS_03,Yield,93.97,95.0,,Below LCL
LOT001003,MODEL_C,PRESS_02,Yield,94.5,95.0,,Below LCL
LOT001006,MODEL_B,PRESS_03,Yield,94.39,95.0,,Below LCL
LOT001027,MODEL_C,PRESS_01,Yield,93.89,95.0,,Below LCL
LOT001048,MODEL_C,PRESS_02,Yield,94.05,95.0,,Below LCL
LOT001049,MODEL_B,PRESS_03,Yield,93.69,95.0,,Below LCL
LOT001053,MODEL_A,PRESS_02,Yield,94.24,95.0,,Below LCL
LOT001057,MODEL_C,PRESS_02,Yield,93.54,95.0,,Below LCL
LOT001098,MODEL_C,PRESS_03,Yield,93.8,95.0,,Below LCL
LOT001101,MODEL_A,PRESS_02,Yield,94.07,95.0,,Below LCL
LOT001102,MODEL_A,PRESS_02,Yield,62.97,95.0,,Below LCL
LOT001107,MODEL_B,PRESS_01,Yield,93.48,95.0,,Below LCL
LOT001108,MODEL_C,PRESS_03,Yield,89.88,95.0,,Below LCL
LOT001111,MODEL_A,PRESS_02,Yield,4.96,95.0,,Below LCL
LOT001122,MODEL_C,PRESS_01,Yield,94.28,95.0,,Below LCL
LOT001123,MODEL_C,PRESS_01,Yield,93.8,95.0,,Below LCL
LOT001127,MODEL_C,PRESS_03,Yield,94.34,95.0,,Below LCL
LOT001147,MODEL_C,PRESS_02,Yield,89.19,95.0,,Below LCL
LOT001161,MODEL_C,PRESS_02,Yield,93.89,95.0,,Below LCL
LOT001164,MODEL_C,PRESS_02,Yield,93.64,95.0,,Below LCL
LOT001177,MODEL_A,PRESS_01,Yield,94.39,95.0,,Below LCL
LOT001183,MODEL_C,PRESS_03,Yield,93.99,95.0,,Below LCL
LOT001184,MODEL_B,PRESS_02,Yield,89.6,95.0,,Below LCL
LOT001185,MODEL_C,PRESS_02,Yield,89.95,95.0,,Below LCL
LOT001186,MODEL_C,PRESS_01,Yield,93.35,95.0,,Below LCL
LOT001189,MODEL_B,PRESS_02,Yield,93.73,95.0,,Below LCL
LOT001203,MODEL_B,PRESS_03,Yield,94.25,95.0,,Below LCL
LOT001211,MODEL_C,PRESS_02,Yield,80.07,95.0,,Below LCL
LOT001217,MODEL_C,PRESS_02,Yield,76.23,95.0,,Below LCL
LOT001235,MODEL_B,PRESS_02,Yield,94.68,95.0,,Below LCL
LOT001247,MODEL_C,PRESS_03,Yield,94.26,95.0,,Below LCL
LOT001248,MODEL_C,PRESS_02,Yield,93.73,95.0,,Below LCL
LOT001264,MODEL_B,PRESS_03,Yield,93.72,95.0,,Below LCL
LOT001269,MODEL_C,PRESS_03,Yield,94.17,95.0,,Below LCL
LOT001271,MODEL_C,PRESS_02,Yield,93.93,95.0,,Below LCL
LOT001279,MODEL_C,PRESS_01,Yield,89.07,95.0,,Below LCL
LOT001290,MODEL_A,PRESS_02,Yield,94.2,95.0,,Below LCL
LOT001296,MODEL_A,PRESS_02,Yield,85.01,95.0,,Below LCL
LOT001299,MODEL_C,PRESS_02,Yield,94.46,95.0,,Below LCL
LOT001302,MODEL_C,PRESS_02,Yield,0.05,95.0,,Below LCL
LOT001308,MODEL_A,PRESS_01,Yield,93.88,95.0,,Below LCL
LOT001311,MODEL_C,PRESS_02,Yield,94.0,95.0,,Below LCL
LOT001312,MODEL_C,PRESS_02,Yield,94.18,95.0,,Below LCL
LOT001318,MODEL_B,PRESS_02,Yield,30.89,95.0,,Below LCL
LOT001333,MODEL_B,PRESS_02,Yield,89.75,95.0,,Below LCL
LOT001334,MODEL_C,PRESS_03,Yield,93.85,95.0,,Below LCL
LOT001337,MODEL_B,PRESS_02,Yield,94.28,95.0,,Below LCL
LOT001347,MODEL_C,PRESS_03,Yield,93.82,95.0,,Below LCL
LOT001350,MODEL_B,PRESS_02,Yield,84.79,95.0,,Below LCL
LOT001362,MODEL_C,PRESS_01,Yield,93.98,95.0,,Below LCL
LOT001370,MODEL_C,PRESS_02,Yield,94.51,95.0,,Below LCL
LOT001371,MODEL_A,PRESS_03,Yield,94.21,95.0,,Below LCL
LOT001376,MODEL_B,PRESS_03,Yield,85.46,95.0,,Below LCL
LOT001383,MODEL_C,PRESS_02,Yield,94.6,95.0,,Below LCL
LOT001388,MODEL_C,PRESS_01,Yield,89.6,95.0,,Below LCL
LOT001390,MODEL_B,PRESS_03,Yield,93.89,95.0,,Below LCL
LOT001409,MODEL_A,PRESS_01,Yield,93.67,95.0,,Below LCL
LOT001417,MODEL_B,PRESS_02,Yield,94.64,95.0,,Below LCL
LOT001431,MODEL_A,PRESS_02,Yield,94.24,95.0,,Below LCL
LOT001435,MODEL_B,PRESS_01,Yield,94.15,95.0,,Below LCL
LOT001438,MODEL_B,PRESS_02,Yield,93.88,95.0,,Below LCL
LOT001446,MODEL_A,PRESS_01,Yield,93.74,95.0,,Below LCL
LOT001455,MODEL_A,PRESS_02,Yield,93.68,95.0,,Below LCL
LOT001473,MODEL_C,PRESS_02,Yield,89.78,95.0,,Below LCL
LOT001477,MODEL_B,PRESS_02,Yield,93.87,95.0,,Below LCL
LOT001489,MODEL_B,PRESS_01,Yield,93.87,95.0,,Below LCL
LOT001495,MODEL_B,PRESS_02,Yield,93.23,95.0,,Below LCL
LOT001496,MODEL_B,PRESS_02,Yield,93.89,95.0,,Below LCL
LOT001505,MODEL_A,PRESS_02,Yield,93.96,95.0,,Below LCL
LOT001511,MODEL_A,PRESS_02,Yield,93.61,95.0,,Below LCL
LOT001518,MODEL_A,PRESS_01,Yield,94.2,95.0,,Below LCL
LOT001523,MODEL_C,PRESS_01,Yield,89.53,95.0,,Below LCL
LOT001526,MODEL_C,PRESS_01,Yield,93.83,95.0,,Below LCL
LOT001533,MODEL_B,PRESS_03,Yield,93.94,95.0,,Below LCL
LOT001554,MODEL_B,PRESS_02,Yield,94.04,95.0,,Below LCL
LOT001560,MODEL_B,PRESS_03,Yield,94.01,95.0,,Below LCL
LOT001571,MODEL_C,PRESS_01,Yield,93.72,95.0,,Below LCL
LOT001573,MODEL_A,PRESS_03,Yield,94.35,95.0,,Below LCL
LOT001577,MODEL_B,PRESS_02,Yield,88.95,95.0,,Below LCL
LOT001588,MODEL_C,PRESS_01,Yield,85.57,95.0,,Below LCL
LOT001593,MODEL_C,PRESS_02,Yield,94.13,95.0,,Below LCL
LOT001595,MODEL_B,PRESS_03,Yield,94.42,95.0,,Below LCL
LOT001625,MODEL_C,PRESS_02,Yield,89.94,95.0,,Below LCL
LOT001627,MODEL_B,PRESS_02,Yield,89.89,95.0,,Below LCL
LOT001653,MODEL_C,PRESS_01,Yield,94.17,95.0,,Below LCL
LOT001659,MODEL_C,PRESS_03,Yield,94.04,95.0,,Below LCL
LOT001664,MODEL_A,PRESS_02,Yield,94.11,95.0,,Below LCL
LOT001682,MODEL_C,PRESS_01,Yield,93.91,95.0,,Below LCL
LOT001687,MODEL_C,PRESS_02,Yield,88.96,95.0,,Below LCL
LOT001690,MODEL_B,PRESS_01,Yield,94.04,95.0,,Below LCL
LOT001697,MODEL_B,PRESS_02,Yield,85.12,95.0,,Below LCL
LOT001704,MODEL_C,PRESS_01,Yield,93.82,95.0,,Below LCL
LOT001708,MODEL_A,PRESS_03,Yield,89.85,95.0,,Below LCL
LOT001711,MODEL_A,PRESS_02,Yield,85.75,95.0,,Below LCL
LOT001715,MODEL_C,PRESS_02,Yield,17.75,95.0,,Below LCL
LOT001718,MODEL_A,PRESS_02,Yield,93.75,95.0,,Below LCL
LOT001721,MODEL_C,PRESS_01,Yield,93.93,95.0,,Below LCL
LOT001728,MODEL_C,PRESS_02,Yield,80.24,95.0,,Below LCL
LOT001729,MODEL_C,PRESS_02,Yield,93.81,95.0,,Below LCL
LOT001737,MODEL_A,PRESS_02,Yield,94.11,95.0,,Below LCL
LOT001761,MODEL_B,PRESS_02,Yield,85.35,95.0,,Below LCL
LOT001765,MODEL_C,PRESS_02,Yield,90.43,95.0,,Below LCL
LOT001768,MODEL_B,PRESS_02,Yield,94.71,95.0,,Below LCL
LOT001774,MODEL_A,PRESS_02,Yield,84.25,95.0,,Below LCL
LOT001776,MODEL_C,PRESS_01,Yield,94.86,95.0,,Below LCL
LOT001789,MODEL_C,PRESS_02,Yield,94.45,95.0,,Below LCL
LOT001797,MODEL_B,PRESS_03,Yield,94.78,95.0,,Below LCL
LOT001802,MODEL_B,PRESS_02,Yield,79.88,95.0,,Below LCL
LOT001803,MODEL_B,PRESS_02,Yield,90.01,95.0,,Below LCL
LOT001829,MODEL_C,PRESS_02,Yield,94.12,95.0,,Below LCL
LOT001833,MODEL_B,PRESS_02,Yield,94.97,95.0,,Below LCL
LOT001836,MODEL_C,PRESS_01,Yield,94.0,95.0,,Below LCL
LOT001858,MODEL_C,PRESS_02,Yield,71.36,95.0,,Below LCL
LOT001861,MODEL_B,PRESS_03,Yield,93.89,95.0,,Below LCL
LOT001866,MODEL_C,PRESS_02,Yield,67.79,95.0,,Below LCL
LOT001875,MODEL_C,PRESS_02,Yield,94.52,95.0,,Below LCL
LOT001888,MODEL_C,PRESS_02,Yield,85.22,95.0,,Below LCL
LOT001893,MODEL_A,PRESS_03,Yield,93.44,95.0,,Below LCL
LOT001897,MODEL_C,PRESS_02,Yield,75.55,95.0,,Below LCL
LOT001904,MODEL_C,PRESS_01,Yield,89.43,95.0,,Below LCL
LOT001911,MODEL_C,PRESS_01,Yield,94.4,95.0,,Below LCL
LOT001916,MODEL_A,PRESS_02,Yield,94.01,95.0,,Below LCL
LOT001919,MODEL_C,PRESS_02,Yield,93.71,95.0,,Below LCL
LOT001927,MODEL_B,PRESS_02,Yield,93.3,95.0,,Below LCL
LOT001930,MODEL_A,PRESS_03,Yield,88.84,95.0,,Below LCL
LOT001937,MODEL_B,PRESS_02,Yield,89.44,95.0,,Below LCL
LOT001939,MODEL_B,PRESS_03,Yield,94.81,95.0,,Below LCL
LOT001943,MODEL_C,PRESS_03,Yield,94.17,95.0,,Below LCL
LOT001957,MODEL_C,PRESS_02,Yield,26.68,95.0,,Below LCL
LOT001960,MODEL_C,PRESS_01,Yield,93.55,95.0,,Below LCL
LOT001962,MODEL_C,PRESS_03,Yield,94.03,95.0,,Below LCL
LOT001987,MODEL_B,PRESS_03,Yield,93.77,95.0,,Below LCL
LOT001990,MODEL_B,PRESS_03,Yield,93.87,95.0,,Below LCL
LOT002004,MODEL_B,PRESS_02,Yield,93.95,95.0,,Below LCL
LOT002007,MODEL_B,PRESS_02,Yield,93.77,95.0,,Below LCL
LOT002021,MODEL_A,PRESS_01,Yield,94.99,95.0,,Below LCL
LOT002027,MODEL_C,PRESS_02,Yield,93.92,95.0,,Below LCL
LOT002035,MODEL_C,PRESS_03,Yield,94.26,95.0,,Below LCL
LOT002040,MODEL_B,PRESS_02,Yield,94.55,95.0,,Below LCL
LOT002044,MODEL_C,PRESS_03,Yield,93.88,95.0,,Below LCL
LOT002059,MODEL_B,PRESS_02,Yield,93.88,95.0,,Below LCL
LOT002060,MODEL_A,PRESS_02,Yield,89.95,95.0,,Below LCL
LOT002066,MODEL_A,PRESS_02,Yield,89.65,95.0,,Below LCL
LOT002073,MODEL_B,PRESS_02,Yield,89.46,95.0,,Below LCL
LOT002078,MODEL_C,PRESS_02,Yield,94.14,95.0,,Below LCL
LOT002092,MODEL_C,PRESS_01,Yield,93.92,95.0,,Below LCL
LOT002101,MODEL_C,PRESS_03,Yield,93.3,95.0,,Below LCL
LOT002111,MODEL_B,PRESS_01,Yield,94.0,95.0,,Below LCL
LOT002123,MODEL_C,PRESS_02,Yield,17.9,95.0,,Below LCL
LOT002135,MODEL_A,PRESS_02,Yield,94.21,95.0,,Below LCL
LOT002145,MODEL_A,PRESS_02,Yield,76.56,95.0,,Below LCL
LOT002146,MODEL_B,PRESS_02,Yield,94.54,95.0,,Below LCL
LOT002154,MODEL_B,PRESS_02,Yield,62.28,95.0,,Below LCL
LOT002175,MODEL_C,PRESS_01,Yield,93.66,95.0,,Below LCL
LOT002177,MODEL_C,PRESS_01,Yield,89.92,95.0,,Below LCL
LOT002186,MODEL_B,PRESS_01,Yield,94.0,95.0,,Below LCL
LOT002189,MODEL_A,PRESS_02,Yield,94.46,95.0,,Below LCL
LOT002194,MODEL_C,PRESS_01,Yield,93.77,95.0,,Below LCL
LOT002199,MODEL_C,PRESS_02,Yield,94.49,95.0,,Below LCL
LOT002216,MODEL_A,PRESS_02,Yield,93.99,95.0,,Below LCL
LOT002228,MODEL_C,PRESS_03,Yield,93.96,95.0,,Below LCL
LOT002244,MODEL_A,PRESS_01,Yield,94.76,95.0,,Below LCL
LOT002258,MODEL_C,PRESS_02,Yield,94.1,95.0,,Below LCL
LOT002260,MODEL_C,PRESS_03,Yield,94.3,95.0,,Below LCL
LOT002261,MODEL_A,PRESS_01,Yield,94.15,95.0,,Below LCL
LOT002268,MODEL_B,PRESS_03,Yield,94.38,95.0,,Below LCL
LOT002271,MODEL_C,PRESS_01,Yield,94.87,95.0,,Below LCL
LOT002272,MODEL_B,PRESS_01,Yield,93.31,95.0,,Below LCL
LOT002275,MODEL_A,PRESS_01,Yield,94.01,95.0,,Below LCL
LOT002276,MODEL_A,PRESS_02,Yield,80.07,95.0,,Below LCL
LOT002298,MODEL_C,PRESS_02,Yield,89.66,95.0,,Below LCL
LOT002307,MODEL_B,PRESS_01,Yield,94.17,95.0,,Below LCL
LOT002324,MODEL_C,PRESS_02,Yield,93.66,95.0,,Below LCL
LOT002327,MODEL_C,PRESS_02,Yield,93.98,95.0,,Below LCL
LOT002354,MODEL_A,PRESS_02,Yield,94.01,95.0,,Below LCL
LOT002374,MODEL_A,PRESS_02,Yield,84.88,95.0,,Below LCL
LOT002379,MODEL_A,PRESS_03,Yield,93.63,95.0,,Below LCL
LOT002388,MODEL_C,PRESS_03,Yield,93.94,95.0,,Below LCL
LOT002395,MODEL_A,PRESS_02,Yield,94.53,95.0,,Below LCL
LOT002396,MODEL_B,PRESS_02,Yield,93.94,95.0,,Below LCL
LOT002405,MODEL_C,PRESS_02,Yield,93.73,95.0,,Below LCL
LOT002406,MODEL_A,PRESS_03,Yield,93.96,95.0,,Below LCL
LOT002409,MODEL_B,PRESS_02,Yield,94.46,95.0,,Below LCL
LOT002413,MODEL_C,PRESS_03,Yield,93.61,95.0,,Below LCL
LOT002414,MODEL_A,PRESS_02,Yield,85.07,95.0,,Below LCL
LOT002425,MODEL_A,PRESS_02,Yield,94.2,95.0,,Below LCL
LOT002430,MODEL_B,PRESS_01,Yield,94.2,95.0,,Below LCL
LOT002436,MODEL_A,PRESS_02,Yield,94.0,95.0,,Below LCL
LOT002440,MODEL_A,PRESS_01,Yield,94.52,95.0,,Below LCL
LOT002453,MODEL_C,PRESS_01,Yield,94.22,95.0,,Below LCL
LOT002454,MODEL_A,PRESS_02,Yield,71.43,95.0,,Below LCL
LOT002456,MODEL_A,PRESS_02,Yield,85.63,95.0,,Below LCL
LOT002463,MODEL_A,PRESS_02,Yield,94.6,95.0,,Below LCL
LOT002465,MODEL_A,PRESS_02,Yield,93.91,95.0,,Below LCL
LOT002466,MODEL_B,PRESS_01,Yield,93.72,95.0,,Below LCL
LOT002472,MODEL_B,PRESS_01,Yield,93.34,95.0,,Below LCL
LOT002473,MODEL_C,PRESS_02,Yield,89.81,95.0,,Below LCL
LOT002476,MODEL_A,PRESS_02,Yield,93.32,95.0,,Below LCL
LOT002477,MODEL_C,PRESS_02,Yield,93.48,95.0,,Below LCL
LOT002488,MODEL_A,PRESS_01,Yield,94.39,95.0,,Below LCL
LOT002497,MODEL_B,PRESS_03,Yield,93.89,95.0,,Below LCL
LOT002498,MODEL_A,PRESS_03,Yield,94.92,95.0,,Below LCL
LOT002505,MODEL_B,PRESS_01,Yield,93.41,95.0,,Below LCL
LOT002508,MODEL_C,PRESS_02,Yield,94.03,95.0,,Below LCL
LOT002512,MODEL_C,PRESS_03,Yield,94.68,95.0,,Below LCL
LOT002520,MODEL_A,PRESS_03,Yield,93.64,95.0,,Below LCL
LOT002521,MODEL_C,PRESS_02,Yield,85.52,95.0,,Below LCL
LOT002546,MODEL_C,PRESS_02,Yield,85.69,95.0,,Below LCL
LOT002547,MODEL_C,PRESS_03,Yield,93.96,95.0,,Below LCL
LOT002562,MODEL_C,PRESS_02,Yield,94.62,95.0,,Below LCL
LOT002564,MODEL_A,PRESS_02,Yield,94.43,95.0,,Below LCL
LOT002568,MODEL_B,PRESS_02,Yield,93.73,95.0,,Below LCL
LOT002572,MODEL_A,PRESS_03,Yield,94.19,95.0,,Below LCL
LOT002575,MODEL_B,PRESS_03,Yield,75.87,95.0,,Below LCL
LOT002578,MODEL_A,PRESS_02,Yield,89.54,95.0,,Below LCL
LOT002585,MODEL_B,PRESS_02,Yield,94.66,95.0,,Below LCL
LOT002593,MODEL_A,PRESS_02,Yield,94.05,95.0,,Below LCL
LOT002598,MODEL_A,PRESS_03,Yield,93.86,95.0,,Below LCL
LOT002604,MODEL_B,PRESS_02,Yield,94.61,95.0,,Below LCL
LOT002616,MODEL_A,PRESS_03,Yield,90.02,95.0,,Below LCL
LOT002619,MODEL_C,PRESS_02,Yield,93.97,95.0,,Below LCL
LOT002629,MODEL_C,PRESS_02,Yield,94.3,95.0,,Below LCL
LOT002634,MODEL_A,PRESS_02,Yield,94.18,95.0,,Below LCL
LOT002637,MODEL_A,PRESS_02,Yield,90.11,95.0,,Below LCL
LOT002661,MODEL_B,PRESS_02,Yield,94.33,95.0,,Below LCL
LOT002677,MODEL_A,PRESS_03,Yield,94.0,95.0,,Below LCL
LOT002684,MODEL_A,PRESS_03,Yield,94.03,95.0,,Below LCL
LOT002696,MODEL_C,PRESS_02,Yield,85.26,95.0,,Below LCL
LOT002708,MODEL_B,PRESS_01,Yield,94.82,95.0,,Below LCL
LOT002710,MODEL_C,PRESS_03,Yield,94.75,95.0,,Below LCL
LOT002714,MODEL_B,PRESS_02,Yield,93.88,95.0,,Below LCL
LOT002730,MODEL_C,PRESS_02,Yield,71.7,95.0,,Below LCL
LOT002731,MODEL_B,PRESS_03,Yield,89.19,95.0,,Below LCL
LOT002735,MODEL_B,PRESS_02,Yield,0.0,95.0,,Below LCL
LOT002736,MODEL_C,PRESS_01,Yield,93.92,95.0,,Below LCL
LOT002743,MODEL_B,PRESS_02,Yield,93.74,95.0,,Below LCL
LOT002744,MODEL_C,PRESS_03,Yield,94.79,95.0,,Below LCL
LOT002747,MODEL_B,PRESS_01,Yield,94.5,95.0,,Below LCL
LOT002755,MODEL_C,PRESS_03,Yield,94.84,95.0,,Below LCL
LOT002761,MODEL_A,PRESS_01,Yield,93.8,95.0,,Below LCL
LOT002779,MODEL_A,PRESS_02,Yield,62.1,95.0,,Below LCL
LOT002781,MODEL_A,PRESS_01,Yield,94.3,95.0,,Below LCL
LOT002785,MODEL_C,PRESS_03,Yield,94.81,95.0,,Below LCL
LOT002796,MODEL_A,PRESS_03,Yield,89.47,95.0,,Below LCL
LOT002821,MODEL_C,PRESS_02,Yield,72.16,95.0,,Below LCL
LOT002829,MODEL_C,PRESS_02,Yield,93.45,95.0,,Below LCL
LOT002831,MODEL_A,PRESS_03,Yield,94.28,95.0,,Below LCL
LOT002840,MODEL_B,PRESS_03,Yield,94.62,95.0,,Below LCL
LOT002856,MODEL_C,PRESS_01,Yield,94.32,95.0,,Below LCL
LOT002857,MODEL_B,PRESS_02,Yield,93.57,95.0,,Below LCL
LOT002860,MODEL_B,PRESS_02,Yield,94.85,95.0,,Below LCL
LOT002862,MODEL_B,PRESS_03,Yield,93.86,95.0,,Below LCL
LOT002866,MODEL_B,PRESS_01,Yield,94.38,95.0,,Below LCL
LOT002867,MODEL_A,PRESS_01,Yield,93.88,95.0,,Below LCL
LOT002870,MODEL_C,PRESS_01,Yield,93.16,95.0,,Below LCL
LOT002874,MODEL_C,PRESS_01,Yield,94.23,95.0,,Below LCL
LOT002892,MODEL_A,PRESS_02,Yield,67.67,95.0,,Below LCL
LOT002897,MODEL_C,PRESS_02,Yield,93.76,95.0,,Below LCL
LOT002907,MODEL_C,PRESS_02,Yield,93.94,95.0,,Below LCL
LOT002909,MODEL_C,PRESS_01,Yield,89.69,95.0,,Below LCL
LOT002915,MODEL_A,PRESS_02,Yield,94.29,95.0,,Below LCL
LOT002920,MODEL_A,PRESS_02,Yield,22.13,95.0,,Below LCL
LOT002933,MODEL_A,PRESS_01,Yield,94.47,95.0,,Below LCL
LOT002934,MODEL_C,PRESS_02,Yield,85.32,95.0,,Below LCL
LOT002943,MODEL_B,PRESS_03,Yield,93.42,95.0,,Below LCL
LOT002946,MODEL_C,PRESS_01,Yield,94.2,95.0,,Below LCL
LOT002948,MODEL_A,PRESS_02,Yield,93.93,95.0,,Below LCL
LOT002950,MODEL_C,PRESS_02,Yield,71.33,95.0,,Below LCL
LOT002958,MODEL_B,PRESS_02,Yield,89.62,95.0,,Below LCL
LOT002960,MODEL_C,PRESS_02,Yield,93.33,95.0,,Below LCL
LOT002962,MODEL_A,PRESS_02,Yield,89.8,95.0,,Below LCL
LOT002978,MODEL_B,PRESS_03,Yield,93.85,95.0,,Below LCL
LOT002980,MODEL_C,PRESS_02,Yield,94.57,95.0,,Below LCL
LOT002986,MODEL_A,PRESS_02,Yield,89.95,95.0,,Below LCL
LOT002991,MODEL_B,PRESS_02,Yield,93.74,95.0,,Below LCL
LOT002993,MODEL_C,PRESS_01,Yield,93.83,95.0,,Below LCL
LOT002999,MODEL_B,PRESS_02,Yield,53.53,95.0,,Below LCL
LOT003000,MODEL_A,PRESS_02,Yield,94.29,95.0,,Below LCL
LOT003006,MODEL_A,PRESS_02,Yield,94.18,95.0,,Below LCL
LOT003007,MODEL_B,PRESS_02,Yield,94.33,95.0,,Below LCL
LOT003008,MODEL_B,PRESS_02,Yield,94.47,95.0,,Below LCL
LOT003016,MODEL_B,PRESS_02,Yield,94.02,95.0,,Below LCL
LOT003020,MODEL_B,PRESS_03,Yield,93.07,95.0,,Below LCL
LOT003029,MODEL_B,PRESS_01,Yield,94.48,95.0,,Below LCL
LOT003039,MODEL_B,PRESS_01,Yield,94.95,95.0,,Below LCL
LOT003040,MODEL_B,PRESS_01,Yield,94.35,95.0,,Below LCL
LOT003041,MODEL_B,PRESS_02,Yield,94.72,95.0,,Below LCL
LOT003058,MODEL_C,PRESS_01,Yield,94.3,95.0,,Below LCL
LOT003063,MODEL_B,PRESS_02,Yield,84.4,95.0,,Below LCL
LOT003071,MODEL_B,PRESS_02,Yield,93.71,95.0,,Below LCL
LOT003086,MODEL_B,PRESS_02,Yield,93.79,95.0,,Below LCL
LOT003103,MODEL_C,PRESS_01,Yield,93.82,95.0,,Below LCL
LOT003104,MODEL_A,PRESS_02,Yield,89.62,95.0,,Below LCL
LOT003105,MODEL_A,PRESS_03,Yield,94.16,95.0,,Below LCL
LOT003110,MODEL_B,PRESS_01,Yield,93.61,95.0,,Below LCL
LOT003115,MODEL_B,PRESS_02,Yield,80.97,95.0,,Below LCL
LOT003127,MODEL_A,PRESS_03,Yield,94.2,95.0,,Below LCL
LOT003142,MODEL_A,PRESS_02,Yield,81.17,95.0,,Below LCL
LOT003143,MODEL_C,PRESS_02,Yield,94.48,95.0,,Below LCL
LOT003146,MODEL_B,PRESS_02,Yield,94.09,95.0,,Below LCL
LOT003154,MODEL_C,PRESS_03,Yield,94.16,95.0,,Below LCL
LOT003157,MODEL_A,PRESS_03,Yield,93.78,95.0,,Below LCL
LOT003188,MODEL_A,PRESS_02,Yield,94.35,95.0,,Below LCL
LOT003216,MODEL_B,PRESS_01,Yield,93.48,95.0,,Below LCL
LOT003220,MODEL_C,PRESS_02,Yield,94.57,95.0,,Below LCL
LOT003225,MODEL_C,PRESS_02,Yield,93.38,95.0,,Below LCL
LOT003232,MODEL_A,PRESS_01,Yield,93.96,95.0,,Below LCL
LOT003242,MODEL_B,PRESS_01,Yield,89.86,95.0,,Below LCL
LOT003244,MODEL_A,PRESS_02,Yield,94.45,95.0,,Below LCL
LOT003262,MODEL_B,PRESS_02,Yield,89.0,95.0,,Below LCL
LOT003265,MODEL_C,PRESS_02,Yield,94.34,95.0,,Below LCL
LOT003270,MODEL_A,PRESS_03,Yield,94.21,95.0,,Below LCL
LOT003273,MODEL_B,PRESS_02,Yield,4.01,95.0,,Below LCL
LOT003282,MODEL_B,PRESS_03,Yield,93.96,95.0,,Below LCL
LOT003287,MODEL_A,PRESS_01,Yield,94.99,95.0,,Below LCL
LOT003292,MODEL_A,PRESS_02,Yield,93.45,95.0,,Below LCL
LOT003294,MODEL_B,PRESS_01,Yield,93.57,95.0,,Below LCL
LOT003324,MODEL_A,PRESS_02,Yield,93.78,95.0,,Below LCL
LOT003337,MODEL_B,PRESS_02,Yield,93.76,95.0,,Below LCL
LOT003340,MODEL_C,PRESS_03,Yield,94.24,95.0,,Below LCL
LOT003347,MODEL_B,PRESS_02,Yield,62.45,95.0,,Below LCL
LOT003359,MODEL_B,PRESS_01,Yield,94.04,95.0,,Below LCL
LOT003361,MODEL_C,PRESS_03,Yield,93.94,95.0,,Below LCL
LOT003369,MODEL_C,PRESS_02,Yield,89.09,95.0,,Below LCL
LOT003376,MODEL_A,PRESS_02,Yield,89.47,95.0,,Below LCL
LOT003385,MODEL_A,PRESS_03,Yield,93.59,95.0,,Below LCL
LOT003396,MODEL_C,PRESS_03,Yield,93.4,95.0,,Below LCL
LOT003398,MODEL_C,PRESS_03,Yield,93.82,95.0,,Below LCL
LOT003399,MODEL_B,PRESS_01,Yield,94.31,95.0,,Below LCL
LOT003402,MODEL_C,PRESS_03,Yield,94.16,95.0,,Below LCL
LOT003405,MODEL_C,PRESS_02,Yield,94.59,95.0,,Below LCL
LOT003413,MODEL_C,PRESS_01,Yield,93.85,95.0,,Below LCL
LOT003420,MODEL_B,PRESS_01,Yield,94.82,95.0,,Below LCL
LOT003422,MODEL_C,PRESS_03,Yield,94.18,95.0,,Below LCL
LOT003428,MODEL_C,PRESS_03,Yield,94.26,95.0,,Below LCL
LOT003430,MODEL_A,PRESS_01,Yield,94.44,95.0,,Below LCL
LOT003436,MODEL_C,PRESS_02,Yield,93.2,95.0,,Below LCL
LOT003451,MODEL_C,PRESS_02,Yield,93.98,95.0,,Below LCL
LOT003454,MODEL_B,PRESS_02,Yield,94.21,95.0,,Below LCL
LOT003461,MODEL_A,PRESS_02,Yield,30.29,95.0,,Below LCL
LOT003493,MODEL_A,PRESS_02,Yield,0.0,95.0,,Below LCL
LOT003498,MODEL_C,PRESS_02,Yield,89.73,95.0,,Below LCL
LOT003508,MODEL_C,PRESS_03,Yield,94.1,95.0,,Below LCL
LOT003511,MODEL_A,PRESS_03,Yield,88.77,95.0,,Below LCL
LOT003515,MODEL_C,PRESS_01,Yield,94.8,95.0,,Below LCL
LOT003521,MODEL_C,PRESS_03,Yield,93.91,95.0,,Below LCL
LOT003531,MODEL_C,PRESS_02,Yield,94.17,95.0,,Below LCL
LOT003541,MODEL_C,PRESS_03,Yield,94.37,95.0,,Below LCL
LOT003547,MODEL_C,PRESS_02,Yield,88.49,95.0,,Below LCL
LOT003554,MODEL_C,PRESS_03,Yield,89.85,95.0,,Below LCL
LOT003555,MODEL_C,PRESS_02,Yield,93.35,95.0,,Below LCL
LOT003569,MODEL_B,PRESS_03,Yield,94.87,95.0,,Below LCL
LOT003577,MODEL_C,PRESS_02,Yield,93.88,95.0,,Below LCL
LOT003584,MODEL_C,PRESS_01,Yield,93.74,95.0,,Below LCL
LOT003591,MODEL_A,PRESS_01,Yield,93.94,95.0,,Below LCL
LOT003596,MODEL_C,PRESS_01,Yield,94.11,95.0,,Below LCL
LOT003609,MODEL_B,PRESS_02,Yield,93.51,95.0,,Below LCL
LOT003611,MODEL_B,PRESS_02,Yield,84.31,95.0,,Below LCL
LOT003613,MODEL_C,PRESS_02,Yield,93.8,95.0,,Below LCL
LOT003637,MODEL_B,PRESS_02,Yield,93.89,95.0,,Below LCL
LOT003639,MODEL_A,PRESS_01,Yield,93.79,95.0,,Below LCL
LOT003643,MODEL_A,PRESS_03,Yield,93.77,95.0,,Below LCL
LOT003646,MODEL_C,PRESS_02,Yield,85.88,95.0,,Below LCL
LOT003648,MODEL_A,PRESS_02,Yield,93.99,95.0,,Below LCL
LOT003654,MODEL_C,PRESS_02,Yield,94.69,95.0,,Below LCL
LOT003660,MODEL_C,PRESS_02,Yield,93.24,95.0,,Below LCL
LOT003661,MODEL_B,PRESS_02,Yield,94.4,95.0,,Below LCL
LOT003662,MODEL_C,PRESS_02,Yield,89.99,95.0,,Below LCL
LOT003666,MODEL_A,PRESS_02,Yield,94.53,95.0,,Below LCL
LOT003667,MODEL_B,PRESS_02,Yield,94.38,95.0,,Below LCL
LOT003685,MODEL_B,PRESS_03,Yield,93.92,95.0,,Below LCL
LOT003698,MODEL_A,PRESS_02,Yield,89.56,95.0,,Below LCL
LOT003705,MODEL_A,PRESS_03,Yield,94.47,95.0,,Below LCL
LOT003708,MODEL_A,PRESS_03,Yield,93.59,95.0,,Below LCL
LOT003731,MODEL_B,PRESS_03,Yield,94.17,95.0,,Below LCL
LOT003744,MODEL_A,PRESS_02,Yield,94.02,95.0,,Below LCL
LOT003752,MODEL_B,PRESS_03,Yield,94.18,95.0,,Below LCL
LOT003760,MODEL_A,PRESS_02,Yield,94.39,95.0,,Below LCL
LOT003766,MODEL_C,PRESS_02,Yield,89.7,95.0,,Below LCL
LOT003778,MODEL_C,PRESS_03,Yield,93.97,95.0,,Below LCL
LOT003790,MODEL_A,PRESS_01,Yield,94.22,95.0,,Below LCL
LOT003796,MODEL_C,PRESS_01,Yield,93.66,95.0,,Below LCL
LOT003805,MODEL_C,PRESS_01,Yield,94.74,95.0,,Below LCL
LOT003812,MODEL_C,PRESS_02,Yield,94.43,95.0,,Below LCL
LOT003814,MODEL_B,PRESS_02,Yield,94.12,95.0,,Below LCL
LOT003838,MODEL_C,PRESS_02,Yield,88.96,95.0,,Below LCL
LOT003841,MODEL_B,PRESS_03,Yield,94.25,95.0,,Below LCL
LOT003854,MODEL_C,PRESS_02,Yield,93.91,95.0,,Below LCL
LOT003865,MODEL_C,PRESS_02,Yield,94.07,95.0,,Below LCL
LOT003891,MODEL_B,PRESS_02,Yield,85.64,95.0,,Below LCL
LOT003899,MODEL_C,PRESS_01,Yield,94.52,95.0,,Below LCL
LOT003906,MODEL_B,PRESS_03,Yield,94.43,95.0,,Below LCL
LOT003908,MODEL_A,PRESS_03,Yield,94.49,95.0,,Below LCL
LOT003914,MODEL_B,PRESS_02,Yield,94.4,95.0,,Below LCL
LOT003920,MODEL_A,PRESS_02,Yield,94.31,95.0,,Below LCL
LOT003923,MODEL_A,PRESS_02,Yield,89.7,95.0,,Below LCL
LOT003925,MODEL_C,PRESS_02,Yield,80.24,95.0,,Below LCL
LOT003938,MODEL_B,PRESS_02,Yield,67.27,95.0,,Below LCL
LOT003939,MODEL_B,PRESS_03,Yield,94.56,95.0,,Below LCL
LOT003956,MODEL_B,PRESS_03,Yield,94.51,95.0,,Below LCL
LOT003969,MODEL_B,PRESS_02,Yield,94.0,95.0,,Below LCL
LOT003970,MODEL_C,PRESS_02,Yield,80.83,95.0,,Below LCL
LOT003980,MODEL_B,PRESS_01,Yield,94.92,95.0,,Below LCL
LOT003981,MODEL_B,PRESS_02,Yield,89.56,95.0,,Below LCL
LOT003985,MODEL_C,PRESS_03,Yield,93.72,95.0,,Below LCL
LOT003986,MODEL_C,PRESS_02,Yield,94.28,95.0,,Below LCL
LOT003990,MODEL_B,PRESS_02,Yield,94.03,95.0,,Below LCL
LOT003995,MODEL_C,PRESS_02,Yield,93.78,95.0,,Below LCL
LOT004023,MODEL_C,PRESS_02,Yield,94.3,95.0,,Below LCL
LOT004026,MODEL_A,PRESS_01,Yield,89.87,95.0,,Below LCL
LOT004042,MODEL_C,PRESS_02,Yield,94.51,95.0,,Below LCL
LOT004044,MODEL_C,PRESS_01,Yield,94.46,95.0,,Below LCL
LOT004052,MODEL_C,PRESS_02,Yield,94.09,95.0,,Below LCL
LOT004066,MODEL_A,PRESS_02,Yield,67.02,95.0,,Below LCL
LOT004072,MODEL_C,PRESS_03,Yield,93.44,95.0,,Below LCL
LOT004078,MODEL_A,PRESS_02,Yield,94.81,95.0,,Below LCL
LOT004081,MODEL_B,PRESS_03,Yield,93.54,95.0,,Below LCL
LOT004094,MODEL_B,PRESS_02,Yield,89.82,95.0,,Below LCL
LOT004096,MODEL_A,PRESS_02,Yield,94.65,95.0,,Below LCL
LOT004107,MODEL_C,PRESS_01,Yield,90.05,95.0,,Below LCL
LOT004108,MODEL_A,PRESS_03,Yield,90.23,95.0,,Below LCL
LOT004125,MODEL_A,PRESS_03,Yield,93.81,95.0,,Below LCL
LOT004130,MODEL_A,PRESS_02,Yield,67.06,95.0,,Below LCL
LOT004153,MODEL_C,PRESS_03,Yield,93.95,95.0,,Below LCL
LOT004173,MODEL_B,PRESS_02,Yield,93.35,95.0,,Below LCL
LOT004174,MODEL_B,PRESS_02,Yield,94.72,95.0,,Below LCL
LOT004179,MODEL_A,PRESS_02,Yield,89.33,95.0,,Below LCL
LOT004186,MODEL_B,PRESS_02,Yield,93.46,95.0,,Below LCL
LOT004188,MODEL_B,PRESS_01,Yield,85.37,95.0,,Below LCL
LOT004193,MODEL_B,PRESS_03,Yield,94.39,95.0,,Below LCL
LOT004196,MODEL_B,PRESS_02,Yield,93.87,95.0,,Below LCL
LOT004213,MODEL_A,PRESS_02,Yield,94.66,95.0,,Below LCL
LOT004219,MODEL_C,PRESS_02,Yield,94.5,95.0,,Below LCL
LOT004229,MODEL_B,PRESS_02,Yield,13.93,95.0,,Below LCL
LOT004246,MODEL_C,PRESS_01,Yield,89.89,95.0,,Below LCL
LOT004249,MODEL_C,PRESS_03,Yield,94.07,95.0,,Below LCL
LOT004283,MODEL_C,PRESS_01,Yield,93.98,95.0,,Below LCL
LOT004291,MODEL_C,PRESS_01,Yield,93.42,95.0,,Below LCL
LOT004295,MODEL_C,PRESS_03,Yield,93.85,95.0,,Below LCL
LOT004297,MODEL_C,PRESS_02,Yield,76.07,95.0,,Below LCL
LOT004320,MODEL_C,PRESS_01,Yield,93.96,95.0,,Below LCL
LOT004335,MODEL_C,PRESS_03,Yield,94.25,95.0,,Below LCL
LOT004339,MODEL_A,PRESS_03,Yield,94.73,95.0,,Below LCL
LOT004342,MODEL_C,PRESS_02,Yield,94.12,95.0,,Below LCL
LOT004347,MODEL_C,PRESS_01,Yield,94.71,95.0,,Below LCL
LOT004352,MODEL_C,PRESS_02,Yield,93.66,95.0,,Below LCL
LOT004362,MODEL_A,PRESS_03,Yield,94.38,95.0,,Below LCL
LOT004364,MODEL_B,PRESS_03,Yield,94.56,95.0,,Below LCL
LOT004366,MODEL_C,PRESS_03,Yield,94.24,95.0,,Below LCL
LOT004369,MODEL_C,PRESS_03,Yield,94.08,95.0,,Below LCL
LOT004375,MODEL_A,PRESS_01,Yield,93.85,95.0,,Below LCL
LOT004376,MODEL_A,PRESS_02,Yield,94.21,95.0,,Below LCL
LOT004385,MODEL_C,PRESS_02,Yield,94.1,95.0,,Below LCL
LOT004392,MODEL_B,PRESS_03,Yield,94.06,95.0,,Below LCL
LOT004399,MODEL_C,PRESS_01,Yield,94.11,95.0,,Below LCL
LOT004400,MODEL_C,PRESS_02,Yield,93.4,95.0,,Below LCL
LOT004412,MODEL_C,PRESS_02,Yield,93.7,95.0,,Below LCL
LOT004417,MODEL_C,PRESS_02,Yield,93.8,95.0,,Below LCL
LOT004420,MODEL_C,PRESS_01,Yield,94.3,95.0,,Below LCL
LOT004424,MODEL_C,PRESS_02,Yield,89.57,95.0,,Below LCL
LOT004437,MODEL_B,PRESS_02,Yield,93.42,95.0,,Below LCL
LOT004480,MODEL_B,PRESS_02,Yield,93.92,95.0,,Below LCL
LOT004483,MODEL_A,PRESS_03,Yield,94.23,95.0,,Below LCL
LOT004489,MODEL_A,PRESS_02,Yield,93.79,95.0,,Below LCL
LOT004490,MODEL_A,PRESS_02,Yield,80.79,95.0,,Below LCL
LOT004502,MODEL_C,PRESS_02,Yield,94.39,95.0,,Below LCL
LOT004510,MODEL_C,PRESS_03,Yield,94.13,95.0,,Below LCL
LOT004519,MODEL_C,PRESS_03,Yield,94.45,95.0,,Below LCL
LOT004542,MODEL_B,PRESS_02,Yield,71.49,95.0,,Below LCL
LOT004544,MODEL_A,PRESS_02,Yield,93.99,95.0,,Below LCL
LOT004547,MODEL_C,PRESS_02,Yield,93.76,95.0,,Below LCL
LOT004561,MODEL_B,PRESS_02,Yield,94.7,95.0,,Below LCL
LOT004575,MODEL_A,PRESS_03,Yield,93.47,95.0,,Below LCL
LOT004577,MODEL_A,PRESS_01,Yield,93.7,95.0,,Below LCL
LOT004583,MODEL_C,PRESS_01,Yield,89.77,95.0,,Below LCL
LOT004585,MODEL_C,PRESS_02,Yield,0.0,95.0,,Below LCL
LOT004591,MODEL_A,PRESS_03,Yield,93.93,95.0,,Below LCL
LOT004592,MODEL_C,PRESS_01,Yield,93.88,95.0,,Below LCL
LOT004595,MODEL_C,PRESS_02,Yield,85.99,95.0,,Below LCL
LOT004618,MODEL_B,PRESS_02,Yield,93.59,95.0,,Below LCL
LOT004626,MODEL_C,PRESS_02,Yield,94.01,95.0,,Below LCL
LOT004633,MODEL_A,PRESS_01,Yield,94.52,95.0,,Below LCL
LOT004641,MODEL_C,PRESS_03,Yield,94.02,95.0,,Below LCL
LOT004659,MODEL_A,PRESS_02,Yield,94.21,95.0,,Below LCL
LOT004661,MODEL_B,PRESS_03,Yield,93.45,95.0,,Below LCL
LOT004662,MODEL_B,PRESS_02,Yield,93.3,95.0,,Below LCL
LOT004671,MODEL_C,PRESS_01,Yield,94.28,95.0,,Below LCL
LOT004687,MODEL_B,PRESS_03,Yield,90.2,95.0,,Below LCL
LOT004700,MODEL_C,PRESS_01,Yield,93.64,95.0,,Below LCL
LOT004701,MODEL_C,PRESS_03,Yield,93.34,95.0,,Below LCL
LOT004719,MODEL_C,PRESS_02,Yield,93.37,95.0,,Below LCL
LOT004725,MODEL_C,PRESS_01,Yield,94.49,95.0,,Below LCL
LOT004730,MODEL_C,PRESS_02,Yield,94.17,95.0,,Below LCL
LOT004731,MODEL_C,PRESS_03,Yield,93.68,95.0,,Below LCL
LOT004740,MODEL_C,PRESS_02,Yield,94.16,95.0,,Below LCL
LOT004742,MODEL_C,PRESS_02,Yield,62.32,95.0,,Below LCL
LOT004756,MODEL_C,PRESS_02,Yield,17.76,95.0,,Below LCL
LOT004759,MODEL_C,PRESS_02,Yield,94.69,95.0,,Below LCL
LOT004786,MODEL_A,PRESS_02,Yield,58.24,95.0,,Below LCL
LOT004787,MODEL_A,PRESS_02,Yield,89.35,95.0,,Below LCL
LOT004790,MODEL_B,PRESS_02,Yield,84.83,95.0,,Below LCL
LOT004801,MODEL_C,PRESS_02,Yield,94.23,95.0,,Below LCL
LOT004804,MODEL_A,PRESS_03,Yield,93.66,95.0,,Below LCL
LOT004806,MODEL_A,PRESS_03,Yield,93.71,95.0,,Below LCL
LOT004807,MODEL_A,PRESS_02,Yield,93.95,95.0,,Below LCL
LOT004833,MODEL_A,PRESS_02,Yield,93.54,95.0,,Below LCL
LOT004840,MODEL_C,PRESS_03,Yield,90.17,95.0,,Below LCL
LOT004846,MODEL_C,PRESS_03,Yield,85.65,95.0,,Below LCL
LOT004865,MODEL_A,PRESS_03,Yield,93.62,95.0,,Below LCL
LOT004872,MODEL_B,PRESS_03,Yield,93.77,95.0,,Below LCL
LOT004879,MODEL_A,PRESS_03,Yield,94.15,95.0,,Below LCL
LOT004906,MODEL_B,PRESS_02,Yield,93.44,95.0,,Below LCL
LOT004911,MODEL_C,PRESS_03,Yield,94.5,95.0,,Below LCL
LOT004912,MODEL_C,PRESS_02,Yield,93.65,95.0,,Below LCL
LOT004914,MODEL_B,PRESS_02,Yield,53.5,95.0,,Below LCL
LOT004915,MODEL_A,PRESS_03,Yield,89.69,95.0,,Below LCL
LOT004916,MODEL_C,PRESS_01,Yield,94.08,95.0,,Below LCL
LOT004926,MODEL_C,PRESS_01,Yield,89.49,95.0,,Below LCL
LOT004927,MODEL_C,PRESS_02,Yield,85.39,95.0,,Below LCL
LOT004980,MODEL_C,PRESS_02,Yield,58.08,95.0,,Below LCL
LOT004995,MODEL_A,PRESS_02,Yield,85.67,95.0,,Below LCL
LOT005000,MODEL_B,PRESS_02,Yield,84.6,95.0,,Below LCL
LOT005001,MODEL_C,PRESS_01,Yield,94.02,95.0,,Below LCL
LOT005003,MODEL_A,PRESS_02,Yield,93.62,95.0,,Below LCL
LOT005013,MODEL_C,PRESS_02,Yield,89.01,95.0,,Below LCL
LOT005021,MODEL_C,PRESS_03,Yield,93.97,95.0,,Below LCL
LOT005024,MODEL_A,PRESS_02,Yield,94.49,95.0,,Below LCL
LOT005025,MODEL_C,PRESS_03,Yield,93.9,95.0,,Below LCL
LOT005047,MODEL_C,PRESS_03,Yield,94.76,95.0,,Below LCL
LOT005052,MODEL_C,PRESS_01,Yield,89.1,95.0,,Below LCL
LOT005064,MODEL_C,PRESS_02,Yield,94.37,95.0,,Below LCL
LOT005069,MODEL_B,PRESS_01,Yield,93.59,95.0,,Below LCL
LOT005087,MODEL_C,PRESS_03,Yield,94.36,95.0,,Below LCL
LOT005108,MODEL_A,PRESS_03,Yield,94.03,95.0,,Below LCL
LOT005125,MODEL_A,PRESS_01,Yield,89.97,95.0,,Below LCL
LOT005147,MODEL_A,PRESS_02,Yield,93.9,95.0,,Below LCL
LOT005153,MODEL_A,PRESS_01,Yield,93.85,95.0,,Below LCL
LOT005162,MODEL_C,PRESS_01,Yield,94.16,95.0,,Below LCL
LOT005163,MODEL_C,PRESS_01,Yield,94.14,95.0,,Below LCL
LOT005168,MODEL_A,PRESS_01,Yield,84.73,95.0,,Below LCL
LOT005169,MODEL_B,PRESS_02,Yield,94.59,95.0,,Below LCL
LOT005181,MODEL_C,PRESS_03,Yield,90.4,95.0,,Below LCL
LOT005182,MODEL_A,PRESS_03,Yield,93.8,95.0,,Below LCL
LOT005185,MODEL_B,PRESS_03,Yield,94.34,95.0,,Below LCL
LOT005196,MODEL_A,PRESS_02,Yield,93.96,95.0,,Below LCL
LOT005201,MODEL_B,PRESS_02,Yield,93.74,95.0,,Below LCL
LOT005202,MODEL_A,PRESS_02,Yield,94.08,95.0,,Below LCL
LOT005209,MODEL_C,PRESS_02,Yield,93.66,95.0,,Below LCL
LOT005224,MODEL_A,PRESS_03,Yield,89.45,95.0,,Below LCL
LOT005254,MODEL_B,PRESS_02,Yield,93.92,95.0,,Below LCL
LOT005260,MODEL_C,PRESS_01,Yield,93.87,95.0,,Below LCL
LOT005263,MODEL_B,PRESS_02,Yield,53.77,95.0,,Below LCL
LOT005268,MODEL_B,PRESS_02,Yield,94.74,95.0,,Below LCL
LOT005275,MODEL_C,PRESS_02,Yield,93.86,95.0,,Below LCL
LOT005279,MODEL_A,PRESS_02,Yield,76.24,95.0,,Below LCL
LOT005283,MODEL_C,PRESS_03,Yield,94.25,95.0,,Below LCL
LOT005291,MODEL_A,PRESS_03,Yield,93.99,95.0,,Below LCL
LOT005298,MODEL_C,PRESS_02,Yield,94.54,95.0,,Below LCL
LOT005303,MODEL_B,PRESS_01,Yield,94.47,95.0,,Below LCL
LOT005305,MODEL_B,PRESS_01,Yield,93.35,95.0,,Below LCL
LOT005317,MODEL_B,PRESS_02,Yield,93.56,95.0,,Below LCL
LOT005320,MODEL_B,PRESS_01,Yield,93.73,95.0,,Below LCL
LOT005331,MODEL_C,PRESS_02,Yield,93.62,95.0,,Below LCL
LOT005339,MODEL_C,PRESS_02,Yield,90.18,95.0,,Below LCL
LOT005342,MODEL_B,PRESS_02,Yield,66.81,95.0,,Below LCL
LOT005361,MODEL_B,PRESS_02,Yield,93.92,95.0,,Below LCL
LOT005368,MODEL_C,PRESS_02,Yield,89.48,95.0,,Below LCL
LOT005430,MODEL_B,PRESS_03,Yield,94.31,95.0,,Below LCL
LOT005431,MODEL_B,PRESS_03,Yield,89.69,95.0,,Below LCL
LOT005446,MODEL_B,PRESS_02,Yield,93.71,95.0,,Below LCL
LOT005450,MODEL_B,PRESS_01,Yield,93.83,95.0,,Below LCL
LOT005458,MODEL_C,PRESS_02,Yield,94.52,95.0,,Below LCL
LOT005488,MODEL_A,PRESS_03,Yield,93.83,95.0,,Below LCL
LOT005524,MODEL_B,PRESS_03,Yield,88.74,95.0,,Below LCL
LOT005531,MODEL_C,PRESS_02,Yield,81.56,95.0,,Below LCL
LOT005538,MODEL_C,PRESS_03,Yield,89.38,95.0,,Below LCL
LOT005543,MODEL_A,PRESS_01,Yield,94.25,95.0,,Below LCL
LOT005550,MODEL_B,PRESS_03,Yield,94.26,95.0,,Below LCL
LOT005552,MODEL_B,PRESS_02,Yield,26.89,95.0,,Below LCL
LOT005564,MODEL_B,PRESS_01,Yield,89.7,95.0,,Below LCL
LOT005576,MODEL_C,PRESS_02,Yield,94.11,95.0,,Below LCL
LOT005581,MODEL_B,PRESS_02,Yield,93.81,95.0,,Below LCL
LOT005596,MODEL_A,PRESS_02,Yield,85.26,95.0,,Below LCL
LOT005611,MODEL_A,PRESS_01,Yield,94.5,95.0,,Below LCL
LOT005629,MODEL_C,PRESS_02,Yield,89.63,95.0,,Below LCL
LOT005631,MODEL_B,PRESS_02,Yield,94.22,95.0,,Below LCL
LOT005646,MODEL_B,PRESS_01,Yield,94.22,95.0,,Below LCL
LOT005654,MODEL_A,PRESS_02,Yield,85.23,95.0,,Below LCL
LOT005672,MODEL_A,PRESS_02,Yield,75.5,95.0,,Below LCL
LOT005679,MODEL_C,PRESS_02,Yield,94.07,95.0,,Below LCL
LOT005684,MODEL_C,PRESS_02,Yield,80.01,95.0,,Below LCL
LOT005690,MODEL_B,PRESS_01,Yield,94.88,95.0,,Below LCL
LOT005720,MODEL_A,PRESS_02,Yield,93.76,95.0,,Below LCL
LOT005721,MODEL_A,PRESS_03,Yield,94.69,95.0,,Below LCL
LOT005736,MODEL_A,PRESS_02,Yield,94.19,95.0,,Below LCL
LOT005745,MODEL_A,PRESS_01,Yield,94.39,95.0,,Below LCL
LOT005753,MODEL_C,PRESS_01,Yield,94.43,95.0,,Below LCL
LOT005768,MODEL_C,PRESS_01,Yield,93.82,95.0,,Below LCL
LOT005769,MODEL_C,PRESS_02,Yield,94.06,95.0,,Below LCL
LOT005770,MODEL_C,PRESS_02,Yield,94.87,95.0,,Below LCL
LOT005773,MODEL_C,PRESS_02,Yield,63.37,95.0,,Below LCL
LOT005777,MODEL_C,PRESS_02,Yield,93.54,95.0,,Below LCL
LOT005793,MODEL_C,PRESS_02,Yield,93.8,95.0,,Below LCL
LOT005795,MODEL_B,PRESS_02,Yield,81.1,95.0,,Below LCL
LOT005805,MODEL_C,PRESS_01,Yield,93.81,95.0,,Below LCL
LOT005807,MODEL_C,PRESS_02,Yield,93.37,95.0,,Below LCL
LOT005810,MODEL_B,PRESS_02,Yield,80.78,95.0,,Below LCL
LOT005822,MODEL_C,PRESS_03,Yield,94.43,95.0,,Below LCL
LOT005825,MODEL_B,PRESS_02,Yield,72.26,95.0,,Below LCL
LOT005837,MODEL_A,PRESS_03,Yield,94.16,95.0,,Below LCL
LOT005852,MODEL_A,PRESS_02,Yield,93.99,95.0,,Below LCL
LOT005861,MODEL_C,PRESS_02,Yield,94.61,95.0,,Below LCL
LOT005872,MODEL_C,PRESS_02,Yield,66.76,95.0,,Below LCL
LOT005874,MODEL_C,PRESS_01,Yield,94.55,95.0,,Below LCL
LOT005893,MODEL_C,PRESS_01,Yield,94.32,95.0,,Below LCL
LOT005900,MODEL_C,PRESS_03,Yield,93.99,95.0,,Below LCL
LOT005910,MODEL_C,PRESS_02,Yield,94.2,95.0,,Below LCL
LOT005918,MODEL_B,PRESS_01,Yield,90.06,95.0,,Below LCL
LOT005931,MODEL_C,PRESS_03,Yield,94.04,95.0,,Below LCL
LOT005942,MODEL_C,PRESS_02,Yield,93.91,95.0,,Below LCL
LOT005950,MODEL_B,PRESS_02,Yield,94.22,95.0,,Below LCL
LOT005954,MODEL_C,PRESS_02,Yield,93.55,95.0,,Below LCL
LOT005955,MODEL_C,PRESS_03,Yield,93.83,95.0,,Below LCL
LOT005965,MODEL_B,PRESS_03,Yield,94.4,95.0,,Below LCL
LOT005973,MODEL_A,PRESS_02,Yield,94.07,95.0,,Below LCL
LOT005975,MODEL_C,PRESS_03,Yield,94.72,95.0,,Below LCL
LOT006011,MODEL_C,PRESS_02,Yield,94.4,95.0,,Below LCL
LOT006019,MODEL_B,PRESS_03,Yield,93.86,95.0,,Below LCL
LOT006028,MODEL_C,PRESS_03,Yield,93.69,95.0,,Below LCL
LOT006031,MODEL_C,PRESS_03,Yield,93.75,95.0,,Below LCL
LOT006032,MODEL_C,PRESS_03,Yield,93.91,95.0,,Below LCL
LOT006038,MODEL_A,PRESS_01,Yield,94.55,95.0,,Below LCL
LOT006045,MODEL_C,PRESS_02,Yield,66.85,95.0,,Below LCL
LOT006053,MODEL_A,PRESS_02,Yield,89.64,95.0,,Below LCL
LOT006057,MODEL_B,PRESS_01,Yield,94.99,95.0,,Below LCL
LOT006064,MODEL_A,PRESS_01,Yield,93.89,95.0,,Below LCL
LOT006082,MODEL_B,PRESS_02,Yield,85.36,95.0,,Below LCL
LOT006088,MODEL_A,PRESS_02,Yield,49.94,95.0,,Below LCL
LOT006103,MODEL_A,PRESS_02,Yield,93.97,95.0,,Below LCL
LOT006108,MODEL_B,PRESS_03,Yield,94.07,95.0,,Below LCL
LOT006114,MODEL_C,PRESS_02,Yield,39.45,95.0,,Below LCL
LOT006120,MODEL_B,PRESS_01,Yield,93.33,95.0,,Below LCL
LOT006135,MODEL_B,PRESS_02,Yield,93.65,95.0,,Below LCL
LOT006141,MODEL_A,PRESS_01,Yield,93.5,95.0,,Below LCL
LOT006156,MODEL_C,PRESS_02,Yield,94.41,95.0,,Below LCL
LOT006166,MODEL_C,PRESS_02,Yield,0.0,95.0,,Below LCL
LOT006168,MODEL_A,PRESS_03,Yield,93.59,95.0,,Below LCL
LOT006170,MODEL_B,PRESS_03,Yield,94.37,95.0,,Below LCL
LOT006174,MODEL_C,PRESS_01,Yield,94.13,95.0,,Below LCL
LOT006188,MODEL_C,PRESS_03,Yield,94.27,95.0,,Below LCL
LOT006206,MODEL_B,PRESS_03,Yield,93.71,95.0,,Below LCL
LOT006213,MODEL_C,PRESS_02,Yield,94.03,95.0,,Below LCL
LOT006216,MODEL_B,PRESS_02,Yield,79.73,95.0,,Below LCL
LOT006217,MODEL_A,PRESS_02,Yield,93.44,95.0,,Below LCL
LOT006228,MODEL_B,PRESS_02,Yield,93.92,95.0,,Below LCL
LOT006231,MODEL_B,PRESS_02,Yield,94.41,95.0,,Below LCL
LOT006232,MODEL_C,PRESS_02,Yield,84.6,95.0,,Below LCL
LOT006236,MODEL_C,PRESS_03,Yield,93.99,95.0,,Below LCL
LOT006241,MODEL_C,PRESS_02,Yield,94.38,95.0,,Below LCL
LOT006251,MODEL_C,PRESS_03,Yield,93.78,95.0,,Below LCL
LOT006268,MODEL_B,PRESS_01,Yield,94.56,95.0,,Below LCL
LOT006272,MODEL_C,PRESS_03,Yield,93.86,95.0,,Below LCL
LOT006281,MODEL_B,PRESS_01,Yield,94.31,95.0,,Below LCL
LOT006292,MODEL_C,PRESS_02,Yield,93.35,95.0,,Below LCL
LOT006316,MODEL_C,PRESS_01,Yield,94.37,95.0,,Below LCL
LOT006321,MODEL_C,PRESS_03,Yield,94.12,95.0,,Below LCL
LOT006330,MODEL_C,PRESS_02,Yield,93.72,95.0,,Below LCL
LOT006339,MODEL_B,PRESS_03,Yield,93.24,95.0,,Below LCL
LOT006346,MODEL_C,PRESS_03,Yield,76.05,95.0,,Below LCL
LOT006349,MODEL_C,PRESS_02,Yield,93.75,95.0,,Below LCL
LOT006376,MODEL_A,PRESS_03,Yield,94.22,95.0,,Below LCL
LOT006379,MODEL_B,PRESS_02,Yield,86.15,95.0,,Below LCL
LOT006385,MODEL_C,PRESS_01,Yield,94.3,95.0,,Below LCL
LOT006399,MODEL_C,PRESS_02,Yield,0.0,95.0,,Below LCL
LOT006412,MODEL_B,PRESS_02,Yield,94.56,95.0,,Below LCL
LOT006413,MODEL_B,PRESS_01,Yield,94.69,95.0,,Below LCL
LOT006426,MODEL_B,PRESS_03,Yield,93.86,95.0,,Below LCL
LOT006432,MODEL_A,PRESS_03,Yield,85.45,95.0,,Below LCL
LOT006454,MODEL_A,PRESS_03,Yield,94.01,95.0,,Below LCL
LOT006460,MODEL_C,PRESS_02,Yield,88.52,95.0,,Below LCL
LOT006475,MODEL_B,PRESS_01,Yield,93.78,95.0,,Below LCL
LOT006479,MODEL_B,PRESS_03,Yield,94.35,95.0,,Below LCL
LOT006491,MODEL_C,PRESS_03,Yield,93.85,95.0,,Below LCL
LOT006495,MODEL_A,PRESS_01,Yield,94.27,95.0,,Below LCL
LOT006498,MODEL_C,PRESS_03,Yield,88.91,95.0,,Below LCL
LOT006503,MODEL_B,PRESS_02,Yield,93.96,95.0,,Below LCL
LOT006513,MODEL_A,PRESS_01,Yield,93.52,95.0,,Below LCL
LOT006522,MODEL_C,PRESS_01,Yield,89.78,95.0,,Below LCL
LOT006526,MODEL_B,PRESS_01,Yield,93.86,95.0,,Below LCL
LOT006530,MODEL_B,PRESS_02,Yield,93.59,95.0,,Below LCL
LOT006536,MODEL_B,PRESS_03,Yield,94.42,95.0,,Below LCL
LOT006548,MODEL_A,PRESS_03,Yield,94.05,95.0,,Below LCL
LOT006549,MODEL_C,PRESS_02,Yield,84.89,95.0,,Below LCL
LOT006556,MODEL_B,PRESS_02,Yield,89.8,95.0,,Below LCL
LOT006561,MODEL_A,PRESS_02,Yield,93.98,95.0,,Below LCL
LOT006565,MODEL_C,PRESS_01,Yield,94.32,95.0,,Below LCL
LOT006572,MODEL_C,PRESS_02,Yield,14.08,95.0,,Below LCL
LOT006574,MODEL_C,PRESS_02,Yield,93.62,95.0,,Below LCL
LOT006579,MODEL_C,PRESS_01,Yield,89.96,95.0,,Below LCL
LOT006590,MODEL_B,PRESS_02,Yield,93.6,95.0,,Below LCL
LOT006596,MODEL_A,PRESS_02,Yield,93.14,95.0,,Below LCL
LOT006603,MODEL_C,PRESS_02,Yield,94.42,95.0,,Below LCL
LOT006611,MODEL_C,PRESS_02,Yield,58.23,95.0,,Below LCL
LOT006617,MODEL_C,PRESS_02,Yield,94.4,95.0,,Below LCL
LOT006618,MODEL_A,PRESS_02,Yield,76.34,95.0,,Below LCL
LOT006644,MODEL_A,PRESS_02,Yield,84.47,95.0,,Below LCL
LOT006649,MODEL_C,PRESS_02,Yield,94.25,95.0,,Below LCL
LOT006659,MODEL_B,PRESS_02,Yield,93.79,95.0,,Below LCL
LOT006669,MODEL_B,PRESS_02,Yield,89.64,95.0,,Below LCL
LOT006675,MODEL_C,PRESS_02,Yield,94.13,95.0,,Below LCL
LOT006683,MODEL_B,PRESS_03,Yield,94.04,95.0,,Below LCL
LOT006685,MODEL_B,PRESS_02,Yield,85.62,95.0,,Below LCL
LOT006690,MODEL_A,PRESS_02,Yield,93.89,95.0,,Below LCL
LOT006691,MODEL_C,PRESS_02,Yield,94.6,95.0,,Below LCL
LOT006712,MODEL_B,PRESS_02,Yield,89.44,95.0,,Below LCL
LOT006714,MODEL_C,PRESS_02,Yield,76.33,95.0,,Below LCL
LOT006722,MODEL_B,PRESS_01,Yield,94.15,95.0,,Below LCL
LOT006726,MODEL_C,PRESS_02,Yield,94.64,95.0,,Below LCL
LOT006735,MODEL_C,PRESS_01,Yield,94.79,95.0,,Below LCL
LOT006736,MODEL_C,PRESS_02,Yield,57.83,95.0,,Below LCL
LOT006743,MODEL_A,PRESS_02,Yield,94.49,95.0,,Below LCL
LOT006756,MODEL_C,PRESS_03,Yield,93.63,95.0,,Below LCL
LOT006766,MODEL_C,PRESS_03,Yield,93.86,95.0,,Below LCL
LOT006773,MODEL_B,PRESS_03,Yield,93.49,95.0,,Below LCL
LOT006774,MODEL_B,PRESS_02,Yield,94.06,95.0,,Below LCL
LOT006781,MODEL_C,PRESS_03,Yield,93.89,95.0,,Below LCL
LOT006800,MODEL_C,PRESS_02,Yield,94.12,95.0,,Below LCL
LOT006811,MODEL_C,PRESS_03,Yield,94.57,95.0,,Below LCL
LOT006817,MODEL_C,PRESS_03,Yield,89.77,95.0,,Below LCL
LOT006818,MODEL_B,PRESS_02,Yield,93.71,95.0,,Below LCL
LOT006824,MODEL_C,PRESS_01,Yield,93.94,95.0,,Below LCL
LOT006831,MODEL_B,PRESS_02,Yield,94.18,95.0,,Below LCL
LOT006837,MODEL_C,PRESS_03,Yield,93.86,95.0,,Below LCL
LOT006842,MODEL_A,PRESS_03,Yield,93.89,95.0,,Below LCL
LOT006844,MODEL_A,PRESS_02,Yield,93.52,95.0,,Below LCL
LOT006846,MODEL_A,PRESS_02,Yield,94.39,95.0,,Below LCL
LOT006858,MODEL_B,PRESS_03,Yield,94.14,95.0,,Below LCL
LOT006859,MODEL_C,PRESS_02,Yield,81.09,95.0,,Below LCL
LOT006866,MODEL_C,PRESS_03,Yield,89.02,95.0,,Below LCL
LOT006892,MODEL_B,PRESS_02,Yield,93.55,95.0,,Below LCL
LOT006912,MODEL_B,PRESS_03,Yield,88.95,95.0,,Below LCL
LOT006920,MODEL_B,PRESS_03,Yield,94.29,95.0,,Below LCL
LOT006924,MODEL_B,PRESS_03,Yield,93.94,95.0,,Below LCL
LOT006935,MODEL_A,PRESS_02,Yield,94.44,95.0,,Below LCL
LOT006936,MODEL_A,PRESS_01,Yield,93.58,95.0,,Below LCL
LOT006942,MODEL_A,PRESS_02,Yield,94.2,95.0,,Below LCL
LOT006944,MODEL_C,PRESS_02,Yield,93.85,95.0,,Below LCL
LOT006950,MODEL_B,PRESS_02,Yield,89.16,95.0,,Below LCL
LOT006954,MODEL_B,PRESS_03,Yield,94.53,95.0,,Below LCL
LOT006991,MODEL_C,PRESS_02,Yield,85.42,95.0,,Below LCL
LOT007017,MODEL_C,PRESS_02,Yield,93.72,95.0,,Below LCL
LOT007023,MODEL_C,PRESS_02,Yield,80.93,95.0,,Below LCL
LOT007037,MODEL_C,PRESS_01,Yield,94.15,95.0,,Below LCL
LOT007039,MODEL_B,PRESS_03,Yield,94.79,95.0,,Below LCL
LOT007041,MODEL_C,PRESS_02,Yield,94.24,95.0,,Below LCL
LOT007048,MODEL_A,PRESS_02,Yield,93.89,95.0,,Below LCL
LOT007061,MODEL_C,PRESS_02,Yield,89.95,95.0,,Below LCL
LOT007066,MODEL_B,PRESS_02,Yield,94.07,95.0,,Below LCL
LOT007089,MODEL_B,PRESS_01,Yield,94.0,95.0,,Below LCL
LOT007092,MODEL_A,PRESS_02,Yield,89.32,95.0,,Below LCL
LOT007095,MODEL_A,PRESS_03,Yield,93.88,95.0,,Below LCL
LOT007103,MODEL_B,PRESS_02,Yield,93.29,95.0,,Below LCL
LOT007106,MODEL_A,PRESS_02,Yield,89.52,95.0,,Below LCL
LOT007110,MODEL_C,PRESS_01,Yield,89.57,95.0,,Below LCL
LOT007116,MODEL_A,PRESS_03,Yield,94.58,95.0,,Below LCL
LOT007118,MODEL_C,PRESS_02,Yield,90.22,95.0,,Below LCL
LOT007120,MODEL_C,PRESS_02,Yield,94.43,95.0,,Below LCL
LOT007124,MODEL_A,PRESS_02,Yield,94.31,95.0,,Below LCL
LOT007134,MODEL_A,PRESS_03,Yield,90.31,95.0,,Below LCL
LOT007137,MODEL_A,PRESS_02,Yield,94.78,95.0,,Below LCL
LOT007146,MODEL_A,PRESS_01,Yield,93.99,95.0,,Below LCL
LOT007147,MODEL_A,PRESS_03,Yield,94.77,95.0,,Below LCL
LOT007152,MODEL_C,PRESS_02,Yield,94.1,95.0,,Below LCL
LOT007155,MODEL_B,PRESS_02,Yield,93.91,95.0,,Below LCL
LOT007163,MODEL_C,PRESS_02,Yield,93.89,95.0,,Below LCL
LOT007169,MODEL_B,PRESS_02,Yield,94.01,95.0,,Below LCL
LOT007172,MODEL_B,PRESS_03,Yield,93.67,95.0,,Below LCL
LOT007191,MODEL_C,PRESS_02,Yield,80.6,95.0,,Below LCL
LOT007211,MODEL_A,PRESS_03,Yield,93.92,95.0,,Below LCL
LOT007213,MODEL_C,PRESS_02,Yield,84.67,95.0,,Below LCL
LOT007223,MODEL_A,PRESS_02,Yield,65.69,95.0,,Below LCL
LOT007225,MODEL_A,PRESS_02,Yield,93.89,95.0,,Below LCL
LOT007229,MODEL_A,PRESS_03,Yield,94.63,95.0,,Below LCL
LOT007233,MODEL_B,PRESS_02,Yield,89.17,95.0,,Below LCL
LOT007235,MODEL_B,PRESS_02,Yield,80.54,95.0,,Below LCL
LOT007236,MODEL_C,PRESS_01,Yield,94.45,95.0,,Below LCL
LOT007246,MODEL_A,PRESS_02,Yield,85.02,95.0,,Below LCL
LOT007249,MODEL_C,PRESS_02,Yield,94.6,95.0,,Below LCL
LOT007251,MODEL_B,PRESS_02,Yield,94.82,95.0,,Below LCL
LOT007252,MODEL_A,PRESS_02,Yield,72.05,95.0,,Below LCL
LOT007256,MODEL_C,PRESS_03,Yield,90.12,95.0,,Below LCL
LOT007265,MODEL_C,PRESS_02,Yield,94.13,95.0,,Below LCL
LOT007266,MODEL_C,PRESS_02,Yield,80.33,95.0,,Below LCL
LOT007273,MODEL_C,PRESS_02,Yield,94.25,95.0,,Below LCL
LOT007279,MODEL_B,PRESS_02,Yield,93.95,95.0,,Below LCL
LOT007283,MODEL_C,PRESS_03,Yield,94.42,95.0,,Below LCL
LOT007314,MODEL_C,PRESS_01,Yield,94.29,95.0,,Below LCL
LOT007325,MODEL_C,PRESS_02,Yield,94.46,95.0,,Below LCL
LOT007328,MODEL_C,PRESS_03,Yield,94.07,95.0,,Below LCL
LOT007334,MODEL_C,PRESS_01,Yield,94.21,95.0,,Below LCL
LOT007341,MODEL_B,PRESS_03,Yield,94.38,95.0,,Below LCL
LOT007345,MODEL_C,PRESS_03,Yield,94.81,95.0,,Below LCL
LOT007366,MODEL_B,PRESS_02,Yield,90.35,95.0,,Below LCL
LOT007380,MODEL_B,PRESS_02,Yield,94.12,95.0,,Below LCL
LOT007384,MODEL_B,PRESS_02,Yield,93.76,95.0,,Below LCL
LOT007391,MODEL_A,PRESS_03,Yield,89.95,95.0,,Below LCL
LOT007392,MODEL_B,PRESS_02,Yield,93.9,95.0,,Below LCL
LOT007395,MODEL_C,PRESS_02,Yield,17.78,95.0,,Below LCL
LOT007397,MODEL_A,PRESS_02,Yield,94.27,95.0,,Below LCL
LOT007399,MODEL_A,PRESS_01,Yield,93.87,95.0,,Below LCL
LOT007402,MODEL_A,PRESS_03,Yield,94.0,95.0,,Below LCL
LOT007407,MODEL_C,PRESS_03,Yield,93.95,95.0,,Below LCL
LOT007408,MODEL_B,PRESS_03,Yield,93.92,95.0,,Below LCL
LOT007418,MODEL_B,PRESS_02,Yield,94.38,95.0,,Below LCL
LOT007427,MODEL_A,PRESS_02,Yield,89.75,95.0,,Below LCL
LOT007440,MODEL_B,PRESS_02,Yield,44.28,95.0,,Below LCL
LOT007452,MODEL_B,PRESS_03,Yield,94.06,95.0,,Below LCL
LOT007457,MODEL_C,PRESS_02,Yield,94.46,95.0,,Below LCL
LOT007464,MODEL_B,PRESS_03,Yield,89.11,95.0,,Below LCL
LOT007468,MODEL_A,PRESS_02,Yield,93.96,95.0,,Below LCL
LOT007470,MODEL_C,PRESS_01,Yield,93.74,95.0,,Below LCL
LOT007471,MODEL_B,PRESS_03,Yield,89.55,95.0,,Below LCL
LOT007475,MODEL_A,PRESS_02,Yield,94.26,95.0,,Below LCL
LOT007476,MODEL_B,PRESS_03,Yield,94.08,95.0,,Below LCL
LOT007481,MODEL_B,PRESS_02,Yield,0.0,95.0,,Below LCL
LOT007483,MODEL_C,PRESS_02,Yield,94.69,95.0,,Below LCL
LOT007486,MODEL_C,PRESS_03,Yield,89.62,95.0,,Below LCL
LOT007489,MODEL_A,PRESS_01,Yield,94.17,95.0,,Below LCL
LOT007506,MODEL_C,PRESS_02,Yield,90.27,95.0,,Below LCL
LOT007508,MODEL_C,PRESS_03,Yield,94.01,95.0,,Below LCL
LOT007518,MODEL_B,PRESS_03,Yield,94.82,95.0,,Below LCL
LOT007528,MODEL_A,PRESS_01,Yield,94.4,95.0,,Below LCL
LOT007531,MODEL_A,PRESS_02,Yield,94.02,95.0,,Below LCL
LOT007532,MODEL_A,PRESS_03,Yield,93.84,95.0,,Below LCL
LOT007533,MODEL_C,PRESS_03,Yield,93.98,95.0,,Below LCL
LOT007538,MODEL_C,PRESS_02,Yield,85.43,95.0,,Below LCL
LOT007539,MODEL_C,PRESS_01,Yield,94.47,95.0,,Below LCL
LOT007543,MODEL_A,PRESS_02,Yield,71.69,95.0,,Below LCL
LOT007548,MODEL_C,PRESS_03,Yield,94.21,95.0,,Below LCL
LOT007597,MODEL_A,PRESS_02,Yield,93.83,95.0,,Below LCL
LOT007598,MODEL_B,PRESS_02,Yield,94.26,95.0,,Below LCL
LOT007613,MODEL_B,PRESS_02,Yield,93.62,95.0,,Below LCL
LOT007616,MODEL_B,PRESS_02,Yield,39.95,95.0,,Below LCL
LOT007619,MODEL_C,PRESS_01,Yield,94.19,95.0,,Below LCL
LOT007620,MODEL_A,PRESS_03,Yield,93.76,95.0,,Below LCL
LOT007621,MODEL_C,PRESS_03,Yield,93.81,95.0,,Below LCL
LOT007622,MODEL_A,PRESS_02,Yield,93.94,95.0,,Below LCL
LOT007631,MODEL_B,PRESS_01,Yield,94.22,95.0,,Below LCL
LOT007640,MODEL_B,PRESS_03,Yield,93.68,95.0,,Below LCL
LOT007641,MODEL_C,PRESS_02,Yield,66.51,95.0,,Below LCL
LOT007644,MODEL_B,PRESS_02,Yield,93.88,95.0,,Below LCL
LOT007646,MODEL_A,PRESS_02,Yield,93.73,95.0,,Below LCL
LOT007661,MODEL_A,PRESS_02,Yield,94.07,95.0,,Below LCL
LOT007662,MODEL_C,PRESS_02,Yield,93.62,95.0,,Below LCL
LOT007668,MODEL_C,PRESS_02,Yield,93.73,95.0,,Below LCL
LOT007670,MODEL_B,PRESS_01,Yield,94.1,95.0,,Below LCL
LOT007681,MODEL_C,PRESS_02,Yield,93.85,95.0,,Below LCL
LOT007682,MODEL_C,PRESS_03,Yield,94.1,95.0,,Below LCL
LOT007683,MODEL_B,PRESS_03,Yield,94.67,95.0,,Below LCL
LOT007703,MODEL_C,PRESS_02,Yield,89.72,95.0,,Below LCL
LOT007730,MODEL_C,PRESS_03,Yield,94.58,95.0,,Below LCL
LOT007733,MODEL_A,PRESS_01,Yield,93.91,95.0,,Below LCL
LOT007740,MODEL_C,PRESS_02,Yield,94.52,95.0,,Below LCL
LOT007747,MODEL_C,PRESS_03,Yield,93.5,95.0,,Below LCL
LOT007749,MODEL_B,PRESS_02,Yield,53.31,95.0,,Below LCL
LOT007765,MODEL_A,PRESS_02,Yield,93.8,95.0,,Below LCL
LOT007766,MODEL_A,PRESS_03,Yield,94.57,95.0,,Below LCL
LOT007771,MODEL_B,PRESS_01,Yield,88.9,95.0,,Below LCL
LOT007797,MODEL_C,PRESS_03,Yield,94.41,95.0,,Below LCL
LOT007799,MODEL_C,PRESS_02,Yield,80.93,95.0,,Below LCL
LOT007801,MODEL_B,PRESS_02,Yield,90.37,95.0,,Below LCL
LOT007803,MODEL_C,PRESS_03,Yield,89.49,95.0,,Below LCL
LOT007805,MODEL_C,PRESS_03,Yield,84.88,95.0,,Below LCL
LOT007806,MODEL_C,PRESS_03,Yield,94.58,95.0,,Below LCL
LOT007810,MODEL_C,PRESS_02,Yield,92.96,95.0,,Below LCL
LOT007816,MODEL_C,PRESS_03,Yield,93.74,95.0,,Below LCL
LOT007835,MODEL_B,PRESS_03,Yield,93.87,95.0,,Below LCL
LOT007836,MODEL_A,PRESS_02,Yield,93.56,95.0,,Below LCL
LOT007838,MODEL_C,PRESS_02,Yield,94.46,95.0,,Below LCL
LOT007841,MODEL_B,PRESS_02,Yield,93.47,95.0,,Below LCL
LOT007871,MODEL_A,PRESS_01,Yield,90.15,95.0,,Below LCL
LOT007873,MODEL_A,PRESS_02,Yield,89.98,95.0,,Below LCL
LOT007874,MODEL_A,PRESS_02,Yield,93.74,95.0,,Below LCL
LOT007881,MODEL_C,PRESS_02,Yield,89.34,95.0,,Below LCL
LOT007883,MODEL_C,PRESS_03,Yield,94.62,95.0,,Below LCL
LOT007884,MODEL_B,PRESS_01,Yield,94.02,95.0,,Below LCL
LOT007916,MODEL_A,PRESS_03,Yield,94.36,95.0,,Below LCL
LOT007920,MODEL_C,PRESS_02,Yield,94.46,95.0,,Below LCL
LOT007921,MODEL_C,PRESS_02,Yield,94.16,95.0,,Below LCL
LOT007929,MODEL_B,PRESS_03,Yield,94.33,95.0,,Below LCL
LOT007936,MODEL_C,PRESS_01,Yield,94.38,95.0,,Below LCL
LOT007941,MODEL_B,PRESS_02,Yield,93.57,95.0,,Below LCL
LOT007946,MODEL_B,PRESS_02,Yield,72.22,95.0,,Below LCL
LOT007947,MODEL_C,PRESS_03,Yield,93.49,95.0,,Below LCL
LOT007963,MODEL_A,PRESS_02,Yield,94.26,95.0,,Below LCL
LOT007966,MODEL_C,PRESS_02,Yield,90.02,95.0,,Below LCL
LOT007969,MODEL_B,PRESS_01,Yield,93.45,95.0,,Below LCL
LOT007971,MODEL_C,PRESS_01,Yield,93.92,95.0,,Below LCL
LOT007985,MODEL_A,PRESS_03,Yield,93.78,95.0,,Below LCL
LOT007993,MODEL_B,PRESS_03,Yield,94.58,95.0,,Below LCL
LOT007997,MODEL_A,PRESS_03,Yield,94.41,95.0,,Below LCL
