Parameter,Current_Mean,Normal_Mean,Defect_Mean,Target,Direction,Priority_Score,Action,Priority
Press2_Pressure,9.926773375,9.960010182131077,9.701106134371956,10.0,Increase,0.17333636841856667,Increase toward target 10.000 kgf/cm²,1
Press2_Temp,99.8058615,99.87735465366413,99.32044595910419,100.0,Increase,0.08747198297249255,Increase toward target 100.000 °C,2
CZ_Concentration,9.998876249999999,10.006633873512119,9.946204479065239,10.0,Increase,0.03669619769007945,Increase toward target 10.000 %,3
Anneal_Temp,200.00131987499998,200.0367586404704,199.76070204479063,200.0,Increase,0.012106348828695703,Increase toward target 200.000 °C,4
Cure_Time,59.950182874999996,59.98197146135092,59.734348588120746,60.0,Increase,0.005803342592102412,Increase toward target 60.000 min,5
Cure_Temp,149.432708625,149.4474842965725,149.33238656280432,150.0,Increase,0.004228574910336777,Increase toward target 150.000 °C,6
Press1_Temp,100.028830125,100.02118499928295,100.08073807205453,100.0,Decrease,0.0032621565939921124,Reduce toward target 100.000 °C,7
Press2_Time,59.976048625000004,59.95947268033846,60.08859396299902,60.0,Decrease,0.002720554249086354,Reduce toward target 60.000 sec,8
Press1_Time,30.014490625,30.02202495339165,29.963334956183058,30.0,Increase,0.0024168280359027345,Increase toward target 30.000 sec,9
Press1_Pressure,4.99715675,4.998505521296429,4.987999026290165,5.0,Maintain,0.0015867746292085303,Maintain near target 5.000 kgf/cm²,10
Press3_Temp,99.99814937500001,99.99535909938334,100.01709444985396,100.0,Maintain,0.0011453763163103033,Maintain near target 100.000 °C,11
Press3_Pressure,6.999768,6.999361107127491,7.002530671859786,7.0,Maintain,0.000508692801347072,Maintain near target 7.000 kgf/cm²,12
Anneal_Time,90.03687187500002,90.04335278933027,89.99286854917234,90.0,Maintain,0.00029805319349663793,Maintain near target 90.000 min,13
Press3_Time,29.986051375000002,29.985101964721064,29.99249756572541,30.0,Maintain,0.00027944670814783446,Maintain near target 30.000 sec,14
