group_a,group_b,mean_difference,std_error,q_statistic,p_value,ci_lower,ci_upper,significant,response,factor
PRESS_01,PRESS_03,9.049209462252918,0.42390288181059144,21.34736481054708,1.6864287744056128e-12,7.643924068104063,10.454494856401773,True,Peel_Strength,Machine
PRESS_02,PRESS_03,9.049080700495836,0.4276752894610269,21.158764425926595,1.6864287744056128e-12,7.6312893536879916,10.46687204730368,True,Peel_Strength,Machine
PRESS_01,PRESS_03,1.9627029269728382,0.10345331198930893,18.971871361408592,1.6864287744056128e-12,1.6197436441910338,2.305662209754643,True,ABF_Roughness,Machine
PRESS_02,PRESS_03,1.9055225855609024,0.10437396641832443,18.256684602017376,1.6864287744056128e-12,1.5595112305293697,2.2515339405924353,True,ABF_Roughness,Machine
PRESS_01,PRESS_02,-0.06639206181115753,0.004999027398418842,13.280995785731617,1.6864287744056128e-12,-0.08296439592207988,-0.04981972770023519,True,Total_Thickness,Machine
PRESS_02,PRESS_03,0.0744289706350223,0.005060691711118205,14.707272223578414,1.6864287744056128e-12,0.0576522124409078,0.0912057288291368,True,Total_Thickness,Machine
PRESS_01,PRESS_02,2.186233813329295,0.10873141432336487,20.10673572981846,1.6864287744056128e-12,1.8257770318581896,2.546690594800401,True,Yield,Machine
PRESS_02,PRESS_03,-2.0040594027304195,0.11007264480655861,18.206698006142656,1.6864287744056128e-12,-2.3689625130402647,-1.639156292420574,True,Yield,Machine
PRESS_01,PRESS_02,0.5373962784125297,0.015665312770225117,34.30485469999378,1.6864287744056128e-12,0.48546401709658205,0.5893285397284773,True,Press2_Temp,Machine
PRESS_02,PRESS_03,-0.5229694049797473,0.015858548507541145,32.977129321202504,1.6864287744056128e-12,-0.5755422643452244,-0.4703965456142702,True,Press2_Temp,Machine
PRESS_01,PRESS_02,0.22578453902725926,0.005680667737392547,39.74612659371897,1.6864287744056128e-12,0.2069524910678936,0.24461658698662492,True,Press2_Pressure,Machine
PRESS_02,PRESS_03,-0.22059465043091642,0.005750740262262196,38.359348600477404,1.6864287744056128e-12,-0.2396589966358374,-0.20153030422599544,True,Press2_Pressure,Machine
PRESS_01,PRESS_03,1.6443691129525462,0.02638273064247615,62.32747986689122,1.6864287744056128e-12,1.5569074144821848,1.7318308114229075,True,Cure_Temp,Machine
PRESS_02,PRESS_03,1.6798298509156382,0.02661751653138059,63.10993923626237,1.6864287744056128e-12,1.5915898110029625,1.768069890828314,True,Cure_Temp,Machine
MODEL_A,MODEL_C,0.7087213318984169,0.11152503009328021,6.354818566788443,2.1159953138560894e-05,0.3390034021625065,1.0784392616343272,True,Yield,Model
MODEL_B,MODEL_C,0.5311369345471348,0.11059842390302951,4.802391533290068,0.0019871540779362595,0.16449080781413267,0.897783061280137,True,Yield,Model
MODEL_A,MODEL_B,0.11766802335864668,0.024295234239856134,4.843255356048934,0.0017902414945857315,0.03712660859197327,0.1982094381253201,True,Anneal_Temp,Model
