factor_name,response,factor,groups,n,df_between,df_within,ms_between,ms_within,f,p_value,eta_squared,omega_squared,levene_p,equal_variance,welch_f,welch_p,significant,effect_size,diagnosis
Machine,CZ_Roughness,Machine,3,8000,2,7997,7.180725946890396,67.6634217085149,0.10612419185396825,0.8993142202971981,2.6540296432776732e-05,0.0,0.9321327351203292,True,0.1059284595578161,0.899490891187376,False,무시할 수준,일원분산분석 p=0.8993로 Machine 간 CZ_Roughness 평균 차이는 통계적으로 유의하지 않다.
Machine,Peel_Strength,Machine,3,8000,2,7997,72012.89764339567,480.7475130901082,149.79359369020395,1.3627517662993496e-64,0.036109689516202206,0.035864303762062386,0.3314546866589722,True,147.51013492198973,4.465946889995023e-63,True,작음,일원분산분석 p=1.363e-64로 Machine 간 Peel_Strength 평균에 차이가 있다. 효과 크기는 eta^2=0.036(작음). 어느 수준이 다른지는 Tukey HSD 로 확인한다.
Machine,ABF_Roughness,Machine,3,8000,2,7997,3293.670449043968,28.63341224445415,115.02891869556696,5.606068165999828e-50,0.027963561450309083,0.027717092161744464,0.5686174951337404,True,113.522991987367,5.247971075282103e-49,True,작음,일원분산분석 p=5.606e-50로 Machine 간 ABF_Roughness 평균에 차이가 있다. 효과 크기는 eta^2=0.028(작음). 어느 수준이 다른지는 Tukey HSD 로 확인한다.
Machine,Total_Thickness,Machine,3,8000,2,7997,4.420440763328922,0.06731447973906997,65.66849778032609,5.15457019081599e-29,0.016157917127744923,0.015909906998723487,0.05658245077967424,True,64.62360677168085,1.8597732051007646e-28,True,작음,일원분산분석 p=5.155e-29로 Machine 간 Total_Thickness 평균에 차이가 있다. 효과 크기는 eta^2=0.016(작음). 어느 수준이 다른지는 Tukey HSD 로 확인한다.
Machine,Yield,Machine,3,8000,2,7997,3917.1981994767493,31.8454605339545,123.00648613010716,2.422083870144496e-53,0.02984503034122463,0.02959880983706345,1.876922114423939e-51,False,72.36813862445558,1.1169354120097309e-31,True,작음,Levene 검정 p=0.0000로 등분산 가정이 기각되어 Welch ANOVA 로 판정했다. Welch ANOVA p=1.117e-31로 Machine 간 Yield 평균에 차이가 있다. 효과 크기는 eta^2=0.030(작음). 어느 수준이 다른지는 Tukey HSD 로 확인한다.
Machine,CZ_Concentration,Machine,3,8000,2,7997,0.002114599205683244,0.015822546741164012,0.13364468061149049,0.8749028326322591,3.3422586935234294e-05,0.0,0.48112854611400085,True,0.1346765736969622,0.8740015188412369,False,무시할 수준,일원분산분석 p=0.8749로 Machine 간 CZ_Concentration 평균 차이는 통계적으로 유의하지 않다.
Machine,Press1_Temp,Machine,3,8000,2,7997,0.22034520105936828,0.5642736090706211,0.39049354341112064,0.6767357028846007,9.76504718100207e-05,0.0,0.9471001892771359,True,0.3891441081750809,0.6776558742387981,False,무시할 수준,일원분산분석 p=0.6767로 Machine 간 Press1_Temp 평균 차이는 통계적으로 유의하지 않다.
Machine,Press1_Time,Machine,3,8000,2,7997,1.2497005999047976,1.0200937246588802,1.2250840973683061,0.2937881171489758,0.0003062920754826766,5.626785809206416e-05,0.36721328885409005,True,1.215919625412099,0.2965195203193613,False,무시할 수준,일원분산분석 p=0.2938로 Machine 간 Press1_Time 평균 차이는 통계적으로 유의하지 않다.
Machine,Press1_Pressure,Machine,3,8000,2,7997,0.06229143964708102,0.06376357065852267,0.9769126635124394,0.3765165243232406,0.00024426010822046465,0.0,0.9164959357855247,True,0.9810100580718396,0.3749999446510464,False,무시할 수준,일원분산분석 p=0.3765로 Machine 간 Press1_Pressure 평균 차이는 통계적으로 유의하지 않다.
Machine,Press2_Temp,Machine,3,8000,2,7997,249.19168904602284,0.6610215226272299,376.97969054866854,3.5027159264475335e-157,0.08615733981418543,0.08591897520930393,1.8277381984477185e-30,False,326.8987866257021,1.4574928342547017e-134,True,중간,Levene 검정 p=0.0000로 등분산 가정이 기각되어 Welch ANOVA 로 판정했다. Welch ANOVA p=1.457e-134로 Machine 간 Press2_Temp 평균에 차이가 있다. 효과 크기는 eta^2=0.086(중간). 어느 수준이 다른지는 Tukey HSD 로 확인한다.
Machine,Press2_Time,Machine,3,8000,2,7997,5.575103897024301,3.9525203686746058,1.4105187012341178,0.24407738042981714,0.00035263756392533285,0.0001026191435391476,0.32626219586830435,True,1.444822544745649,0.2358803982393765,False,무시할 수준,일원분산분석 p=0.2441로 Machine 간 Press2_Time 평균 차이는 통계적으로 유의하지 않다.
Machine,Press2_Pressure,Machine,3,8000,2,7997,44.14914600105622,0.08692330600559717,507.90919064000354,2.2070180312090002e-208,0.11270818275778233,0.11247379727391843,6.573198105560075e-89,False,401.8717548838247,5.062749756259572e-163,True,중간,Levene 검정 p=0.0000로 등분산 가정이 기각되어 Welch ANOVA 로 판정했다. Welch ANOVA p=5.063e-163로 Machine 간 Press2_Pressure 평균에 차이가 있다. 효과 크기는 eta^2=0.113(중간). 어느 수준이 다른지는 Tukey HSD 로 확인한다.
Machine,Press3_Temp,Machine,3,8000,2,7997,0.18097103125814118,0.5755541338544905,0.3144292093711095,0.7302145768312289,7.863060788076559e-05,0.0,0.8474782859463562,True,0.31197276904219645,0.7320148323123463,False,무시할 수준,일원분산분석 p=0.7302로 Machine 간 Press3_Temp 평균 차이는 통계적으로 유의하지 않다.
Machine,Press3_Time,Machine,3,8000,2,7997,0.4578664148977716,0.998020877210839,0.45877438573967233,0.632074464221318,0.00011472345968611352,0.0,0.07358926513110171,True,0.45891604350671533,0.6319932669879929,False,무시할 수준,일원분산분석 p=0.6321로 Machine 간 Press3_Time 평균 차이는 통계적으로 유의하지 않다.
Machine,Press3_Pressure,Machine,3,8000,2,7997,0.06651571472430676,0.06454993847424677,1.0304535727922384,0.3568924452203068,0.00025764363711038414,7.613335234744929e-06,0.9577549438527994,True,1.0250393010147099,0.35885314318706546,False,무시할 수준,일원분산분석 p=0.3569로 Machine 간 Press3_Pressure 평균 차이는 통계적으로 유의하지 않다.
Machine,Cure_Temp,Machine,3,8000,2,7997,2429.370266342774,1.8621891643265416,1304.577597637001,0.0,0.2460038673049604,0.24579212307892082,6.159693879196544e-48,False,1101.9730752931953,0.0,True,큼,Levene 검정 p=0.0000로 등분산 가정이 기각되어 Welch ANOVA 로 판정했다. Welch ANOVA p=0로 Machine 간 Cure_Temp 평균에 차이가 있다. 효과 크기는 eta^2=0.246(큼). 어느 수준이 다른지는 Tukey HSD 로 확인한다.
Machine,Cure_Time,Machine,3,8000,2,7997,5.339494290973047,4.049203883815422,1.3186528621872775,0.26755356952993514,0.0003296781620945932,7.965686982442878e-05,0.9927728318747004,True,1.3193883874560992,0.2673860700462462,False,무시할 수준,일원분산분석 p=0.2676로 Machine 간 Cure_Time 평균 차이는 통계적으로 유의하지 않다.
Machine,Anneal_Time,Machine,3,8000,2,7997,55.392433330413795,44.7760917960499,1.2370984404516623,0.29028063803349163,0.000309294938643348,5.927109684175929e-05,0.4683992886556981,True,1.2426679420030722,0.2886968477373332,False,무시할 수준,일원분산분석 p=0.2903로 Machine 간 Anneal_Time 평균 차이는 통계적으로 유의하지 않다.
Machine,Anneal_Temp,Machine,3,8000,2,7997,0.439696751138665,1.5898648989543083,0.27656233647768685,0.758393595756191,6.916173788817348e-05,0.0,0.2392089703071105,True,0.2768196712568369,0.7582021119405368,False,무시할 수준,일원분산분석 p=0.7584로 Machine 간 Anneal_Temp 평균 차이는 통계적으로 유의하지 않다.
Model,CZ_Roughness,Model,3,8000,2,7997,39.4146704381043,67.65536019932614,0.582580158053713,0.5584793019086518,0.00014567845158893616,0.0,0.3651202857993021,True,0.582790301809729,0.5583738490133072,False,무시할 수준,일원분산분석 p=0.5585로 Model 간 CZ_Roughness 평균 차이는 통계적으로 유의하지 않다.
Model,Peel_Strength,Model,3,8000,2,7997,629.5114791232312,498.6000543341429,1.2625579833999705,0.28298576186988317,0.0003156582334818712,6.563518758936925e-05,0.7001908922484508,True,1.2635833667988152,0.2827241144592916,False,무시할 수준,일원분산분석 p=0.2830로 Model 간 Peel_Strength 평균 차이는 통계적으로 유의하지 않다.
Model,ABF_Roughness,Model,3,8000,2,7997,21.11259906070275,29.451858624342382,0.7168511614154254,0.48831874979347173,0.00017924788479705575,0.0,0.7094222631548368,True,0.720246703353089,0.48667956791422984,False,무시할 수준,일원분산분석 p=0.4883로 Model 간 ABF_Roughness 평균 차이는 통계적으로 유의하지 않다.
Model,Total_Thickness,Model,3,8000,2,7997,0.11220615514622723,0.06839194243962828,1.64063413238007,0.19392231501981919,0.00041014411302964585,0.00016013288644682393,0.6040886277836585,True,1.6495404074992865,0.19223628448455124,False,무시할 수준,일원분산분석 p=0.1939로 Model 간 Total_Thickness 평균 차이는 통계적으로 유의하지 않다.
Model,Yield,Model,3,8000,2,7997,358.07118069575824,32.73557608198024,10.938288661822682,1.803214587097992e-05,0.0027281349342013215,0.002478414366107175,5.804802571444072e-05,False,10.04920979762773,4.406824237251995e-05,True,무시할 수준,Levene 검정 p=0.0001로 등분산 가정이 기각되어 Welch ANOVA 로 판정했다. Welch ANOVA p=4.407e-05로 Model 간 Yield 평균에 차이가 있다. 효과 크기는 eta^2=0.003(무시할 수준). 어느 수준이 다른지는 Tukey HSD 로 확인한다.
Model,CZ_Concentration,Model,3,8000,2,7997,0.008137099523840983,0.015821040551263262,0.5143213872358895,0.5979259800600046,0.0001286120393431035,0.0,0.24742152531174996,True,0.5163997060297766,0.5966947174301703,False,무시할 수준,일원분산분석 p=0.5979로 Model 간 CZ_Concentration 평균 차이는 통계적으로 유의하지 않다.
Model,Press1_Temp,Model,3,8000,2,7997,0.6770933088551756,0.5641593792074733,1.2001808953461892,0.3011939680766075,0.0003000677153449849,5.004271943745168e-05,0.36271103186800835,True,1.1932905112714112,0.3033028713068183,False,무시할 수준,일원분산분석 p=0.3012로 Model 간 Press1_Temp 평균 차이는 통계적으로 유의하지 않다.
Model,Press1_Time,Model,3,8000,2,7997,0.06248528098217214,1.0203906398318008,0.0612366269769704,0.9406010830129524,1.5314665289114624e-05,0.0,0.003587109646667692,False,0.06012857965653737,0.9416440887339036,False,무시할 수준,Levene 검정 p=0.0036로 등분산 가정이 기각되어 Welch ANOVA 로 판정했다. Welch ANOVA p=0.9416로 Model 간 Press1_Time 평균 차이는 통계적으로 유의하지 않다.
Model,Press1_Pressure,Model,3,8000,2,7997,0.004262282381603796,0.0637780833901134,0.06682989132069962,0.9353548220681459,1.671346113840394e-05,0.0,0.874844334954093,True,0.06665814256212566,0.9355157397253137,False,무시할 수준,일원분산분석 p=0.9354로 Model 간 Press1_Pressure 평균 차이는 통계적으로 유의하지 않다.
Model,Press2_Temp,Model,3,8000,2,7997,0.6668798789747108,0.7231760328603288,0.922154287023377,0.3977037222272948,0.00023057188049901408,0.0,0.09170787588906663,True,0.9058276983941255,0.4042694043929115,False,무시할 수준,일원분산분석 p=0.3977로 Model 간 Press2_Temp 평균 차이는 통계적으로 유의하지 않다.
Model,Press2_Time,Model,3,8000,2,7997,7.9522031908538,3.951925870914489,2.0122349078915374,0.13375724162766264,0.0005029943141613382,0.00025299470445504403,0.463292998023641,True,2.0346883855331392,0.13082285481004624,False,무시할 수준,일원분산분석 p=0.1338로 Model 간 Press2_Time 평균 차이는 통계적으로 유의하지 않다.
Model,Press2_Pressure,Model,3,8000,2,7997,0.02983891271800767,0.09795727051437277,0.30461151644307566,0.7374183460196565,7.617564398265501e-05,0.0,0.15507822269171376,True,0.3078639879868771,0.7350283670518574,False,무시할 수준,일원분산분석 p=0.7374로 Model 간 Press2_Pressure 평균 차이는 통계적으로 유의하지 않다.
Model,Press3_Temp,Model,3,8000,2,7997,0.40249620835292116,0.5754987317844403,0.6993867859706783,0.49692030024222333,0.000174881699642576,0.0,0.9930383659635675,True,0.7012898976927905,0.4959909496117276,False,무시할 수준,일원분산분석 p=0.4969로 Model 간 Press3_Temp 평균 차이는 통계적으로 유의하지 않다.
Model,Press3_Time,Model,3,8000,2,7997,0.3827662292928584,0.998039659300524,0.3835180553457366,0.681472307117354,9.590628324483958e-05,0.0,0.030551046008888867,False,0.39135954490612,0.6761564387202841,False,무시할 수준,Levene 검정 p=0.0306로 등분산 가정이 기각되어 Welch ANOVA 로 판정했다. Welch ANOVA p=0.6762로 Model 간 Press3_Time 평균 차이는 통계적으로 유의하지 않다.
Model,Press3_Pressure,Model,3,8000,2,7997,0.04956355930882934,0.0645541781029614,0.7677823615038115,0.46407520642533306,0.00019198073329574554,0.0,0.5610413018180027,True,0.7660282965577959,0.4649068975945907,False,무시할 수준,일원분산분석 p=0.4641로 Model 간 Press3_Pressure 평균 차이는 통계적으로 유의하지 않다.
Model,Cure_Temp,Model,3,8000,2,7997,1.204711787302731,2.469458278883365,0.48784455992003045,0.6139665678083117,0.0001219920086988203,0.0,0.5517045761929324,True,0.48482756601235266,0.6158305578925025,False,무시할 수준,일원분산분석 p=0.6140로 Model 간 Cure_Temp 평균 차이는 통계적으로 유의하지 않다.
Model,Cure_Time,Model,3,8000,2,7997,0.9670699945838477,4.050297399958073,0.2387651816861296,0.7876054179364002,5.9710122542921634e-05,0.0,0.3390295465625871,True,0.2412661520189503,0.7856410894848024,False,무시할 수준,일원분산분석 p=0.7876로 Model 간 Cure_Time 평균 차이는 통계적으로 유의하지 않다.
Model,Anneal_Time,Model,3,8000,2,7997,115.15323360070906,44.76114599130554,2.5726158490910076,0.07639877633356833,0.0006429815442239999,0.0003929994529806415,0.8297886672875247,True,2.5419363097160668,0.07880933928444214,False,무시할 수준,일원분산분석 p=0.0764로 Model 간 Anneal_Time 평균 차이는 통계적으로 유의하지 않다.
Model,Anneal_Temp,Model,3,8000,2,7997,9.351712272118924,1.587636059259177,5.890337535217373,0.0027780580044720073,0.0014709698702457148,0.0012210914964096366,0.6954148503663568,True,5.8775563617244195,0.002819819909617679,True,무시할 수준,일원분산분석 p=0.002778로 Model 간 Anneal_Temp 평균에 차이가 있다. 효과 크기는 eta^2=0.001(무시할 수준). 어느 수준이 다른지는 Tukey HSD 로 확인한다.
