Machine,characteristic,rule,observed,expected_false_alarms,ratio,severity,point_count
PRESS_03,Cure_Temp,NELSON_RULE_8,3,0.15,20.2,CRITICAL,2611
PRESS_03,Cure_Temp,NELSON_RULE_2,54,4.96,10.9,CRITICAL,2611
PRESS_03,Cure_Temp,NELSON_RULE_5,50,5.18,9.7,CRITICAL,2611
PRESS_03,Cure_Temp,NELSON_RULE_6,75,8.96,8.4,CRITICAL,2611
PRESS_02,Total_Thickness,NELSON_RULE_8,1,0.15,6.6,WARNING,2646
PRESS_01,Anneal_Temp,NELSON_RULE_8,1,0.16,6.4,WARNING,2743
PRESS_01,CZ_Roughness,NELSON_RULE_8,1,0.16,6.4,WARNING,2743
PRESS_03,Cure_Temp,NELSON_RULE_1,43,7.02,6.1,CRITICAL,2611
PRESS_03,Peel_Strength,NELSON_RULE_2,12,4.96,2.4,WARNING,2611
PRESS_03,Peel_Strength,NELSON_RULE_4,10,4.32,2.3,WARNING,2611
PRESS_01,CZ_Roughness,NELSON_RULE_3,15,6.55,2.3,WARNING,2743
PRESS_03,Peel_Strength,NELSON_RULE_6,21,8.96,2.3,WARNING,2611
PRESS_03,ABF_Roughness,NELSON_RULE_6,19,8.96,2.1,WATCH,2611
PRESS_02,Anneal_Temp,NELSON_RULE_7,6,2.88,2.1,WATCH,2646
PRESS_02,Peel_Strength,NELSON_RULE_3,13,6.32,2.1,WARNING,2646
PRESS_02,CZ_Roughness,NELSON_RULE_7,6,2.88,2.1,WATCH,2646
PRESS_03,Peel_Strength,NELSON_RULE_7,6,2.84,2.1,WARNING,2611
PRESS_01,Peel_Strength,NELSON_RULE_6,19,9.41,2.0,WATCH,2743
PRESS_01,Total_Thickness,NELSON_RULE_5,11,5.44,2.0,WARNING,2743
PRESS_01,CZ_Concentration,NELSON_RULE_7,6,2.99,2.0,WATCH,2743
