Feature,Mean_Abs_SHAP
Press2_Pressure,0.1220987278362872
Press2_Temp,0.08044123858442229
CZ_Roughness,0.06322860738557957
CZ_Concentration,0.043040814959368366
Anneal_Temp,0.02561241575963313
Cure_Temp,0.02147560733524318
Cure_Time,0.017013324414386907
Press1_Time,0.014101941190078383
Press2_Time,0.013724491932281101
Press3_Temp,0.012992363974141682
Press1_Pressure,0.012524357192613038
Press1_Temp,0.012430972375560876
Press3_Pressure,0.012275451770624198
Anneal_Time,0.012232537399308867
Press3_Time,0.011519217433273214
