Part,Operator,Replicate,TrueValue,Total_Thickness
PART_01,OP_A,1,32.1889,32.2813
PART_01,OP_A,2,32.1889,32.2706
PART_01,OP_A,3,32.1889,32.1959
PART_01,OP_B,1,32.1889,32.4114
PART_01,OP_B,2,32.1889,32.304
PART_01,OP_B,3,32.1889,32.088
PART_01,OP_C,1,32.1889,32.0848
PART_01,OP_C,2,32.1889,31.9384
PART_01,OP_C,3,32.1889,32.141
PART_02,OP_A,1,31.3552,31.35
PART_02,OP_A,2,31.3552,31.3358
PART_02,OP_A,3,31.3552,31.2837
PART_02,OP_B,1,31.3552,31.5848
PART_02,OP_B,2,31.3552,31.3607
PART_02,OP_B,3,31.3552,31.3161
PART_02,OP_C,1,31.3552,31.2341
PART_02,OP_C,2,31.3552,31.3317
PART_02,OP_C,3,31.3552,31.3133
PART_03,OP_A,1,32.4653,32.5086
PART_03,OP_A,2,32.4653,32.5105
PART_03,OP_A,3,32.4653,32.6902
PART_03,OP_B,1,32.4653,32.4409
PART_03,OP_B,2,32.4653,32.4236
PART_03,OP_B,3,32.4653,32.3746
PART_03,OP_C,1,32.4653,32.3677
PART_03,OP_C,2,32.4653,32.4242
PART_03,OP_C,3,32.4653,32.2872
PART_04,OP_A,1,32.5832,32.4949
PART_04,OP_A,2,32.5832,32.4966
PART_04,OP_A,3,32.5832,32.6515
PART_04,OP_B,1,32.5832,32.747
PART_04,OP_B,2,32.5832,32.7145
PART_04,OP_B,3,32.5832,32.5178
PART_04,OP_C,1,32.5832,32.4344
PART_04,OP_C,2,32.5832,32.4217
PART_04,OP_C,3,32.5832,32.4329
PART_05,OP_A,1,30.7904,30.8819
PART_05,OP_A,2,30.7904,30.8138
PART_05,OP_A,3,30.7904,30.8616
PART_05,OP_B,1,30.7904,30.8263
PART_05,OP_B,2,30.7904,30.8624
PART_05,OP_B,3,30.7904,30.9181
PART_05,OP_C,1,30.7904,30.5898
PART_05,OP_C,2,30.7904,30.7152
PART_05,OP_C,3,30.7904,30.6986
PART_06,OP_A,1,31.1926,31.1256
PART_06,OP_A,2,31.1926,31.1638
PART_06,OP_A,3,31.1926,31.3496
PART_06,OP_B,1,31.1926,31.0807
PART_06,OP_B,2,31.1926,31.3792
PART_06,OP_B,3,31.1926,30.9478
PART_06,OP_C,1,31.1926,31.0857
PART_06,OP_C,2,31.1926,31.1405
PART_06,OP_C,3,31.1926,31.1872
PART_07,OP_A,1,32.0793,32.1539
PART_07,OP_A,2,32.0793,32.1626
PART_07,OP_A,3,32.0793,32.0426
PART_07,OP_B,1,32.0793,32.0419
PART_07,OP_B,2,32.0793,32.2568
PART_07,OP_B,3,32.0793,32.086
PART_07,OP_C,1,32.0793,31.8021
PART_07,OP_C,2,32.0793,31.8178
PART_07,OP_C,3,32.0793,31.8413
PART_08,OP_A,1,31.8039,31.8561
PART_08,OP_A,2,31.8039,31.8189
PART_08,OP_A,3,31.8039,31.8764
PART_08,OP_B,1,31.8039,31.7695
PART_08,OP_B,2,31.8039,31.8649
PART_08,OP_B,3,31.8039,31.9409
PART_08,OP_C,1,31.8039,31.6539
PART_08,OP_C,2,31.8039,31.7384
PART_08,OP_C,3,31.8039,31.6151
PART_09,OP_A,1,31.9896,31.9515
PART_09,OP_A,2,31.9896,31.9495
PART_09,OP_A,3,31.9896,31.864
PART_09,OP_B,1,31.9896,32.1058
PART_09,OP_B,2,31.9896,31.9502
PART_09,OP_B,3,31.9896,32.0286
PART_09,OP_C,1,31.9896,31.9128
PART_09,OP_C,2,31.9896,31.909
PART_09,OP_C,3,31.9896,31.9331
PART_10,OP_A,1,31.4711,31.4608
PART_10,OP_A,2,31.4711,31.4267
PART_10,OP_A,3,31.4711,31.4627
PART_10,OP_B,1,31.4711,31.2283
PART_10,OP_B,2,31.4711,31.2674
PART_10,OP_B,3,31.4711,31.2876
PART_10,OP_C,1,31.4711,31.2702
PART_10,OP_C,2,31.4711,31.4243
PART_10,OP_C,3,31.4711,31.2803
