Standard,Repeat,Reference,Total_Thickness
STD_01,1,30.6,30.7014
STD_01,2,30.6,30.747
STD_01,3,30.6,30.6143
STD_01,4,30.6,30.5804
STD_01,5,30.6,30.4667
STD_02,1,30.8545,31.0268
STD_02,2,30.8545,30.9265
STD_02,3,30.8545,30.9463
STD_02,4,30.8545,30.8425
STD_02,5,30.8545,31.0535
STD_03,1,31.1091,31.2727
STD_03,2,31.1091,31.1609
STD_03,3,31.1091,31.1153
STD_03,4,31.1091,31.1362
STD_03,5,31.1091,31.0898
STD_04,1,31.3636,31.4254
STD_04,2,31.3636,31.3579
STD_04,3,31.3636,31.4841
STD_04,4,31.3636,31.3849
STD_04,5,31.3636,31.3855
STD_05,1,31.6182,31.833
STD_05,2,31.6182,31.5954
STD_05,3,31.6182,31.507
STD_05,4,31.6182,31.71
STD_05,5,31.6182,31.4534
STD_06,1,31.8727,31.9483
STD_06,2,31.8727,32.0236
STD_06,3,31.8727,31.9279
STD_06,4,31.8727,31.9215
STD_06,5,31.8727,31.7052
STD_07,1,32.1273,32.2278
STD_07,2,32.1273,32.2111
STD_07,3,32.1273,32.0464
STD_07,4,32.1273,32.3704
STD_07,5,32.1273,32.041
STD_08,1,32.3818,32.2421
STD_08,2,32.3818,32.2283
STD_08,3,32.3818,32.4211
STD_08,4,32.3818,32.4539
STD_08,5,32.3818,32.4647
STD_09,1,32.6364,32.6319
STD_09,2,32.6364,32.582
STD_09,3,32.6364,32.7559
STD_09,4,32.6364,32.5731
STD_09,5,32.6364,32.5403
STD_10,1,32.8909,33.0634
STD_10,2,32.8909,32.935
STD_10,3,32.8909,32.9658
STD_10,4,32.8909,32.982
STD_10,5,32.8909,32.8563
STD_11,1,33.1455,33.1093
STD_11,2,33.1455,33.2325
STD_11,3,33.1455,33.1005
STD_11,4,33.1455,33.2005
STD_11,5,33.1455,33.1559
STD_12,1,33.4,33.2888
STD_12,2,33.4,33.5157
STD_12,3,33.4,33.2788
STD_12,4,33.4,33.4387
STD_12,5,33.4,33.4212
